browser,browser_version,scenario,repeat,phase,status,elapsed_ms,load_ms,network_fetch_ms,module_import_ms,runtime_init_ms,pure_js_compute_ms,serialization_ms,js_heap_bytes,sample_count,signature_count,rank_selection_ms,extraction_ms,error
chrome,149.0.7827.158,single_sample_fit_report,1,cold,completed,1549.744999885559,1545.7799999713898,1543.5650000572205,1545.7799999713898,0,3.515000104904175,0.4499998092651367,21449258,1,9,,,
chrome,149.0.7827.158,single_sample_fit_report,1,warm,completed,1.0199999809265137,,0,0,0,0.9399998188018799,0.08000016212463379,21449258,1,9,,,
chrome,149.0.7827.158,single_sample_fit_report,2,cold,completed,7634.450000047684,7629.670000076294,7626.504999876022,7629.670000076294,0,4.329999923706055,0.4500000476837158,21330006,1,9,,,
chrome,149.0.7827.158,single_sample_fit_report,2,warm,completed,1.2000000476837158,,0,0,0,1.0800001621246338,0.11999988555908203,21330006,1,9,,,
chrome,149.0.7827.158,single_sample_fit_report,3,cold,completed,4765.830000162125,4761.275000095367,4758.880000114441,4761.275000095367,0,4.115000009536743,0.440000057220459,21377678,1,9,,,
chrome,149.0.7827.158,single_sample_fit_report,3,warm,completed,1.1349999904632568,,0,0,0,1.0250000953674316,0.1099998950958252,21377678,1,9,,,
chrome,149.0.7827.158,single_sample_fit_report,4,cold,completed,3312.5199999809265,3307.890000104904,3305.335000038147,3307.890000104904,0,4.144999742507935,0.4850001335144043,21380922,1,9,,,
chrome,149.0.7827.158,single_sample_fit_report,4,warm,completed,1.1949999332427979,,0,0,0,1.0999999046325684,0.09500002861022949,21380922,1,9,,,
chrome,149.0.7827.158,single_sample_fit_report,5,cold,completed,7788.164999961853,7782.15499997139,7779.680000066757,7782.15499997139,0,5.449999809265137,0.5600001811981201,21566622,1,9,,,
chrome,149.0.7827.158,single_sample_fit_report,5,warm,completed,2.200000047683716,,0,0,0,2.049999952316284,0.15000009536743164,21566622,1,9,,,
chrome,149.0.7827.158,single_sample_fit_report,6,cold,completed,6466.025000095367,6460.549999952316,6457.884999990463,6460.549999952316,0,4.835000038146973,0.6400001049041748,21500614,1,9,,,
chrome,149.0.7827.158,single_sample_fit_report,6,warm,completed,1.5950000286102295,,0,0,0,1.4600000381469727,0.13499999046325684,21500614,1,9,,,
chrome,149.0.7827.158,single_sample_fit_report,7,cold,completed,5170.735000133514,5166.380000114441,5164.070000171661,5166.380000114441,0,3.9100000858306885,0.44499993324279785,21372894,1,9,,,
chrome,149.0.7827.158,single_sample_fit_report,7,warm,completed,1.125,,0,0,0,1.0350000858306885,0.08999991416931152,21372894,1,9,,,
chrome,149.0.7827.158,single_sample_fit_report,8,cold,completed,4573.964999914169,4569.194999933243,4566.4400000572205,4569.1900000572205,0,4.325000047683716,0.44499993324279785,21418474,1,9,,,
chrome,149.0.7827.158,single_sample_fit_report,8,warm,completed,1.2849998474121094,,0,0,0,1.174999713897705,0.1100001335144043,21418474,1,9,,,
chrome,149.0.7827.158,single_sample_fit_report,9,cold,completed,4912.485000133514,4907.3150000572205,4904.495000123978,4907.3150000572205,0,4.684999942779541,0.4850001335144043,18943317,1,9,,,
chrome,149.0.7827.158,single_sample_fit_report,9,warm,completed,1.4849998950958252,,0,0,0,1.3550000190734863,0.12999987602233887,18943317,1,9,,,
chrome,149.0.7827.158,single_sample_fit_report,10,cold,completed,5517.155000209808,5512.610000133514,5509.609999895096,5512.610000133514,0,4.045000076293945,0.5,21457775,1,9,,,
chrome,149.0.7827.158,single_sample_fit_report,10,warm,completed,1.5449998378753662,,0,0,0,1.4249999523162842,0.11999988555908203,21457775,1,9,,,
chrome,149.0.7827.158,single_sample_fit_report,11,cold,completed,6075.614999771118,6070.609999895096,6068.4349999427795,6070.609999895096,0,4.5299999713897705,0.47499990463256836,21297507,1,9,,,
chrome,149.0.7827.158,single_sample_fit_report,11,warm,completed,1.244999885559082,,0,0,0,1.119999885559082,0.125,21297507,1,9,,,
chrome,149.0.7827.158,single_sample_fit_report,12,cold,completed,4642.59500002861,4638.3550000190735,4635.8150000572205,4638.3550000190735,0,3.359999895095825,0.880000114440918,18851422,1,9,,,
chrome,149.0.7827.158,single_sample_fit_report,12,warm,completed,1.0449998378753662,,0,0,0,0.940000057220459,0.10499978065490723,18851422,1,9,,,
chrome,149.0.7827.158,single_sample_fit_report,13,cold,completed,5083.0599999427795,5078.494999885559,5075.875,5078.494999885559,0,3.9800000190734863,0.5850000381469727,21363939,1,9,,,
chrome,149.0.7827.158,single_sample_fit_report,13,warm,completed,1.5899999141693115,,0,0,0,1.4800000190734863,0.1099998950958252,21363939,1,9,,,
chrome,149.0.7827.158,single_sample_fit_report,14,cold,completed,2150.8099999427795,2146.9900000095367,2144.7400000095367,2146.9900000095367,0,3.3999998569488525,0.4200000762939453,21758399,1,9,,,
chrome,149.0.7827.158,single_sample_fit_report,14,warm,completed,0.9700000286102295,,0,0,0,0.9000000953674316,0.06999993324279785,21758399,1,9,,,
chrome,149.0.7827.158,single_sample_fit_report,15,cold,completed,1937.7649998664856,1934.1499998569489,1931.6749999523163,1934.1499998569489,0,3.18500018119812,0.42999982833862305,21444327,1,9,,,
chrome,149.0.7827.158,single_sample_fit_report,15,warm,completed,0.9149999618530273,,0,0,0,0.8500001430511475,0.06499981880187988,21444327,1,9,,,
chrome,149.0.7827.158,single_sample_fit_report,16,cold,completed,5695.045000076294,5690.055000066757,5687.5,5690.055000066757,0,4.519999980926514,0.4700000286102295,21405895,1,9,,,
chrome,149.0.7827.158,single_sample_fit_report,16,warm,completed,1.25,,0,0,0,1.1850001811981201,0.06499981880187988,21405895,1,9,,,
chrome,149.0.7827.158,single_sample_fit_report,17,cold,completed,1567.625,1563.5199999809265,1561.329999923706,1563.5199999809265,0,3.690000057220459,0.41499996185302734,21841999,1,9,,,
chrome,149.0.7827.158,single_sample_fit_report,17,warm,completed,0.9750001430511475,,0,0,0,0.9049999713897705,0.07000017166137695,21841999,1,9,,,
chrome,149.0.7827.158,single_sample_fit_report,18,cold,completed,6304.249999761581,6299.3099999427795,6296.634999990463,6299.305000066757,0,4.444999933242798,0.49499988555908203,21557967,1,9,,,
chrome,149.0.7827.158,single_sample_fit_report,18,warm,completed,1.4449999332427979,,0,0,0,1.3399999141693115,0.10500001907348633,21557967,1,9,,,
chrome,149.0.7827.158,single_sample_fit_report,19,cold,completed,1320.4849998950958,1316.6099998950958,1314.284999847412,1316.6099998950958,0,3.440000057220459,0.434999942779541,21463143,1,9,,,
chrome,149.0.7827.158,single_sample_fit_report,19,warm,completed,0.9600000381469727,,0,0,0,0.8900001049041748,0.06999993324279785,21463143,1,9,,,
chrome,149.0.7827.158,single_sample_fit_report,20,cold,completed,2668.2149999141693,2664.5499999523163,2662.484999895096,2664.5499999523163,0,3.265000104904175,0.39999985694885254,21348259,1,9,,,
chrome,149.0.7827.158,single_sample_fit_report,20,warm,completed,0.9700000286102295,,0,0,0,0.9050002098083496,0.06499981880187988,21348259,1,9,,,
chrome,149.0.7827.158,medium_cohort_120,1,cold,completed,1740.2599999904633,1717.0449998378754,1714.8000001907349,1717.0449998378754,0,23.134999990463257,0.08000016212463379,22384319,120,9,,,
chrome,149.0.7827.158,medium_cohort_120,1,warm,completed,16.90000009536743,,0,0,0,16.835000038146973,0.06500005722045898,22384319,120,9,,,
chrome,149.0.7827.158,medium_cohort_120,2,cold,completed,4419.195000171661,4390.535000085831,4388,4390.535000085831,0,28.519999980926514,0.1400001049041748,29227283,120,9,,,
chrome,149.0.7827.158,medium_cohort_120,2,warm,completed,18.980000019073486,,0,0,0,18.83999991416931,0.1400001049041748,29227283,120,9,,,
chrome,149.0.7827.158,medium_cohort_120,3,cold,completed,2423.7350001335144,2398.515000104904,2396.055000066757,2398.515000104904,0,25.109999895095825,0.1100001335144043,22461203,120,9,,,
chrome,149.0.7827.158,medium_cohort_120,3,warm,completed,17.75,,0,0,0,17.66000008583069,0.08999991416931152,22461203,120,9,,,
chrome,149.0.7827.158,medium_cohort_120,4,cold,completed,1452.4000000953674,1427.395000219345,1424.7350001335144,1427.395000219345,0,24.884999752044678,0.12000012397766113,22394675,120,9,,,
chrome,149.0.7827.158,medium_cohort_120,4,warm,completed,18.59499979019165,,0,0,0,18.494999885559082,0.09999990463256836,22394675,120,9,,,
chrome,149.0.7827.158,medium_cohort_120,5,cold,completed,2994.2999997138977,2968.479999780655,2965.409999847412,2968.479999780655,0,25.68999981880188,0.13000011444091797,22148775,120,9,,,
chrome,149.0.7827.158,medium_cohort_120,5,warm,completed,18.449999809265137,,0,0,0,18.34999966621399,0.10000014305114746,22148775,120,9,,,
chrome,149.0.7827.158,medium_cohort_120,6,cold,completed,1472.1050000190735,1445.8600001335144,1443.1800000667572,1445.8600001335144,0,26.119999885559082,0.125,22574239,120,9,,,
chrome,149.0.7827.158,medium_cohort_120,6,warm,completed,18.805000066757202,,0,0,0,18.700000047683716,0.10500001907348633,22574239,120,9,,,
chrome,149.0.7827.158,medium_cohort_120,7,cold,completed,1736.7450001239777,1709.4000000953674,1706.875,1709.3899998664856,0,27.235000133514404,0.1099998950958252,22690995,120,9,,,
chrome,149.0.7827.158,medium_cohort_120,7,warm,completed,18.269999980926514,,0,0,0,18.15499997138977,0.11500000953674316,22690995,120,9,,,
chrome,149.0.7827.158,medium_cohort_120,8,cold,completed,1386.6000001430511,1360.670000076294,1358.3250000476837,1360.670000076294,0,25.829999923706055,0.10000014305114746,22505767,120,9,,,
chrome,149.0.7827.158,medium_cohort_120,8,warm,completed,18.174999952316284,,0,0,0,18.08999991416931,0.08500003814697266,22505767,120,9,,,
chrome,149.0.7827.158,medium_cohort_120,9,cold,completed,1527.104999780655,1501.534999847412,1498.9299998283386,1501.534999847412,0,25.460000038146973,0.1099998950958252,22250043,120,9,,,
chrome,149.0.7827.158,medium_cohort_120,9,warm,completed,17.945000171661377,,0,0,0,17.865000009536743,0.08000016212463379,22250043,120,9,,,
chrome,149.0.7827.158,medium_cohort_120,10,cold,completed,5567.055000066757,5539.139999866486,5536.335000038147,5539.139999866486,0,27.81000018119812,0.10500001907348633,23809928,120,9,,,
chrome,149.0.7827.158,medium_cohort_120,10,warm,completed,17.47000002861023,,0,0,0,17.394999980926514,0.07500004768371582,23809928,120,9,,,
chrome,149.0.7827.158,medium_cohort_120,11,cold,completed,4190.559999704361,4166.409999847412,4163.670000076294,4166.409999847412,0,24.049999713897705,0.10000014305114746,22332300,120,9,,,
chrome,149.0.7827.158,medium_cohort_120,11,warm,completed,17.929999828338623,,0,0,0,17.854999780654907,0.07500004768371582,22332300,120,9,,,
chrome,149.0.7827.158,medium_cohort_120,12,cold,completed,5001.250000238419,4974.735000133514,4972.384999990463,4974.7300000190735,0,26.415000200271606,0.09999990463256836,22254412,120,9,,,
chrome,149.0.7827.158,medium_cohort_120,12,warm,completed,18.56499981880188,,0,0,0,18.47000002861023,0.09499979019165039,22254412,120,9,,,
chrome,149.0.7827.158,medium_cohort_120,13,cold,completed,1378.7549998760223,1346.6949999332428,1344.270000219345,1346.6949999332428,0,31.90999984741211,0.15000009536743164,24584924,120,9,,,
chrome,149.0.7827.158,medium_cohort_120,13,warm,completed,18.200000047683716,,0,0,0,18.075000047683716,0.125,24584924,120,9,,,
chrome,149.0.7827.158,medium_cohort_120,14,cold,completed,1725.034999847412,1699.0199999809265,1696.1400001049042,1699.0199999809265,0,25.914999961853027,0.09999990463256836,22455304,120,9,,,
chrome,149.0.7827.158,medium_cohort_120,14,warm,completed,18.800000190734863,,0,0,0,18.695000171661377,0.10500001907348633,22455304,120,9,,,
chrome,149.0.7827.158,medium_cohort_120,15,cold,completed,1386.7300000190735,1361.2300000190735,1358.7099997997284,1361.2300000190735,0,25.390000104904175,0.1099998950958252,24082904,120,9,,,
chrome,149.0.7827.158,medium_cohort_120,15,warm,completed,17.84999990463257,,0,0,0,17.774999856948853,0.07500004768371582,24082904,120,9,,,
chrome,149.0.7827.158,medium_cohort_120,16,cold,completed,1554.8900001049042,1527.9100000858307,1524.7249999046326,1527.9049999713898,0,26.859999895095825,0.12000012397766113,23101872,120,9,,,
chrome,149.0.7827.158,medium_cohort_120,16,warm,completed,18.575000047683716,,0,0,0,18.490000009536743,0.08500003814697266,23101872,120,9,,,
chrome,149.0.7827.158,medium_cohort_120,17,cold,completed,4425.115000009537,4396.235000133514,4393.789999961853,4396.235000133514,0,28.77999997138977,0.09999990463256836,27195320,120,9,,,
chrome,149.0.7827.158,medium_cohort_120,17,warm,completed,18.074999809265137,,0,0,0,18.014999866485596,0.059999942779541016,27195320,120,9,,,
chrome,149.0.7827.158,medium_cohort_120,18,cold,completed,2919.8099999427795,2893.920000076294,2891.130000114441,2893.920000076294,0,25.78499984741211,0.10500001907348633,22190372,120,9,,,
chrome,149.0.7827.158,medium_cohort_120,18,warm,completed,18.19000005722046,,0,0,0,18.09999990463257,0.09000015258789062,22190372,120,9,,,
chrome,149.0.7827.158,medium_cohort_120,19,cold,completed,5624.229999780655,5599.939999818802,5597.574999809265,5599.939999818802,0,24.179999828338623,0.1100001335144043,22339892,120,9,,,
chrome,149.0.7827.158,medium_cohort_120,19,warm,completed,17.625,,0,0,0,17.53499984741211,0.09000015258789062,22339892,120,9,,,
chrome,149.0.7827.158,medium_cohort_120,20,cold,completed,1427.0299999713898,1402.3799998760223,1400.2349998950958,1402.3799998760223,0,24.475000143051147,0.17499995231628418,22421996,120,9,,,
chrome,149.0.7827.158,medium_cohort_120,20,warm,completed,17.78499984741211,,0,0,0,17.709999799728394,0.07500004768371582,22421996,120,9,,,
chrome,149.0.7827.158,portal_scale_300x40,1,cold,completed,3203.6399998664856,1566.8799998760223,1564.5950000286102,1566.8799998760223,0,1636.0299999713898,0.7300000190734863,31940325,300,40,,,
chrome,149.0.7827.158,portal_scale_300x40,1,warm,completed,1653.6749999523163,,0,0,0,1653.1449999809265,0.5299999713897705,30121061,300,40,,,
chrome,149.0.7827.158,portal_scale_300x40,2,cold,completed,6619.324999809265,4921.619999885559,4919.120000123978,4921.619999885559,0,1697.039999961853,0.6649999618530273,27688177,300,40,,,
chrome,149.0.7827.158,portal_scale_300x40,2,warm,completed,1645.1349999904633,,0,0,0,1644.6050000190735,0.5299999713897705,32379737,300,40,,,
chrome,149.0.7827.158,portal_scale_300x40,3,cold,completed,3126.5849997997284,1420.2549998760223,1417.7699999809265,1420.2549998760223,0,1705.6899998188019,0.6400001049041748,26981341,300,40,,,
chrome,149.0.7827.158,portal_scale_300x40,3,warm,completed,1628.335000038147,,0,0,0,1627.8150000572205,0.5199999809265137,31845633,300,40,,,
chrome,149.0.7827.158,portal_scale_300x40,4,cold,completed,6093.835000038147,4485.244999885559,4482.835000038147,4485.244999885559,0,1607.8300001621246,0.7599999904632568,33105185,300,40,,,
chrome,149.0.7827.158,portal_scale_300x40,4,warm,completed,1627.289999961853,,0,0,0,1626.5950000286102,0.6949999332427979,31079853,300,40,,,
chrome,149.0.7827.158,portal_scale_300x40,5,cold,completed,6405.7699999809265,4772.3949999809265,4769.4800000190735,4772.389999866486,0,1632.625,0.75,32339821,300,40,,,
chrome,149.0.7827.158,portal_scale_300x40,5,warm,completed,1605.045000076294,,0,0,0,1604.3000001907349,0.744999885559082,29910097,300,40,,,
chrome,149.0.7827.158,portal_scale_300x40,6,cold,completed,6936.745000362396,5327.235000133514,5324.4349999427795,5327.235000133514,0,1608.7500002384186,0.7599999904632568,32766769,300,40,,,
chrome,149.0.7827.158,portal_scale_300x40,6,warm,completed,1653.2549998760223,,0,0,0,1652.7400000095367,0.5149998664855957,30802433,300,40,,,
chrome,149.0.7827.158,portal_scale_300x40,7,cold,completed,4789.710000038147,3169.7649998664856,3167.1100001335144,3169.7649998664856,0,1619.355000257492,0.5899999141693115,26814413,300,40,,,
chrome,149.0.7827.158,portal_scale_300x40,7,warm,completed,1901.6000001430511,,0,0,0,1901.0450003147125,0.554999828338623,31704373,300,40,,,
chrome,149.0.7827.158,portal_scale_300x40,8,cold,completed,4888.339999914169,2967.3899998664856,2965.0549998283386,2967.3899998664856,0,1920.1350002288818,0.8149998188018799,29040141,300,40,,,
chrome,149.0.7827.158,portal_scale_300x40,8,warm,completed,1916.7999999523163,,0,0,0,1916.284999847412,0.5150001049041748,33292493,300,40,,,
chrome,149.0.7827.158,portal_scale_300x40,9,cold,completed,6094.914999961853,4429.475000143051,4427.075000047684,4429.475000143051,0,1664.5199999809265,0.9199998378753662,30876149,300,40,,,
chrome,149.0.7827.158,portal_scale_300x40,9,warm,completed,1706.2850000858307,,0,0,0,1705.7850000858307,0.5,29296313,300,40,,,
chrome,149.0.7827.158,portal_scale_300x40,10,cold,completed,6083.910000085831,4387.150000095367,4384.464999914169,4387.1449999809265,0,1695.8949999809265,0.8650000095367432,30097402,300,40,,,
chrome,149.0.7827.158,portal_scale_300x40,10,warm,completed,1894.7249999046326,,0,0,0,1894.2999999523163,0.4249999523162842,28778214,300,40,,,
chrome,149.0.7827.158,portal_scale_300x40,11,cold,completed,6776.914999723434,4992.194999933243,4989.514999866486,4992.194999933243,0,1783.979999780655,0.7400000095367432,29942410,300,40,,,
chrome,149.0.7827.158,portal_scale_300x40,11,warm,completed,1927.9800000190735,,0,0,0,1927.5750000476837,0.4049999713897705,28624270,300,40,,,
chrome,149.0.7827.158,portal_scale_300x40,12,cold,completed,3543.465000152588,1876.5350000858307,1874.0250000953674,1876.5350000858307,0,1666.3099999427795,0.6200001239776611,26614342,300,40,,,
chrome,149.0.7827.158,portal_scale_300x40,12,warm,completed,1882.6299998760223,,0,0,0,1882.019999742508,0.6100001335144043,31588266,300,40,,,
chrome,149.0.7827.158,portal_scale_300x40,13,cold,completed,5793.700000047684,4012.1399998664856,4009.875,4012.1399998664856,0,1780.4050002098083,1.1549999713897705,30253118,300,40,,,
chrome,149.0.7827.158,portal_scale_300x40,13,warm,completed,1810.5150001049042,,0,0,0,1809.8900001049042,0.625,34211790,300,40,,,
chrome,149.0.7827.158,portal_scale_300x40,14,cold,completed,6433.150000095367,4629.835000038147,4626.810000181198,4629.835000038147,0,1802.585000038147,0.7300000190734863,32312778,300,40,,,
chrome,149.0.7827.158,portal_scale_300x40,14,warm,completed,1723.0699999332428,,0,0,0,1722.5599999427795,0.5099999904632568,30409314,300,40,,,
chrome,149.0.7827.158,portal_scale_300x40,15,cold,completed,6322.210000038147,4636.370000123978,4633.8099999427795,4636.370000123978,0,1685.1099998950958,0.7300000190734863,32282722,300,40,,,
chrome,149.0.7827.158,portal_scale_300x40,15,warm,completed,1686.4900000095367,,0,0,0,1686.0299999713898,0.46000003814697266,29951150,300,40,,,
chrome,149.0.7827.158,portal_scale_300x40,16,cold,completed,4214.454999923706,2372.9049999713898,2370.5950000286102,2372.9049999713898,0,1841.034999847412,0.5150001049041748,26293450,300,40,,,
chrome,149.0.7827.158,portal_scale_300x40,16,warm,completed,1821.4450001716614,,0,0,0,1820.9250001907349,0.5199999809265137,31332794,300,40,,,
chrome,149.0.7827.158,portal_scale_300x40,17,cold,completed,6419.170000076294,4736.460000038147,4734.089999914169,4736.460000038147,0,1682.0400002002716,0.6699998378753662,30501786,300,40,,,
chrome,149.0.7827.158,portal_scale_300x40,17,warm,completed,1795.8250000476837,,0,0,0,1795.2800002098083,0.5449998378753662,28611834,300,40,,,
chrome,149.0.7827.158,portal_scale_300x40,18,cold,completed,6304.380000114441,4456.9800000190735,4454.430000066757,4456.9800000190735,0,1846.545000076294,0.8550000190734863,29177146,300,40,,,
chrome,149.0.7827.158,portal_scale_300x40,18,warm,completed,1744.210000038147,,0,0,0,1743.5099999904633,0.7000000476837158,33411338,300,40,,,
chrome,149.0.7827.158,portal_scale_300x40,19,cold,completed,3737.3200001716614,2093.710000038147,2090.875,2093.710000038147,0,1642.8700001239777,0.7400000095367432,27037758,300,40,,,
chrome,149.0.7827.158,portal_scale_300x40,19,warm,completed,1753.5199999809265,,0,0,0,1752.9800000190735,0.5399999618530273,31902398,300,40,,,
chrome,149.0.7827.158,portal_scale_300x40,20,cold,completed,6917.079999923706,5057.974999904633,5055.725000143051,5057.97000002861,0,1858.3949999809265,0.7100000381469727,30014318,300,40,,,
chrome,149.0.7827.158,portal_scale_300x40,20,warm,completed,1945.8849999904633,,0,0,0,1945.494999885559,0.3900001049041748,28714398,300,40,,,
chrome,149.0.7827.158,bootstrap_500,1,cold,completed,5502.569999933243,5146.829999923706,5144.5,5146.825000047684,0,355.1949999332428,0.5450000762939453,22134675,1,9,,,
chrome,149.0.7827.158,bootstrap_500,1,warm,completed,293.72499990463257,,0,0,0,293.15499997138977,0.5699999332427979,22896175,1,9,,,
chrome,149.0.7827.158,bootstrap_500,2,cold,completed,2449.2800002098083,2193.765000104904,2191.5700001716614,2193.7599999904633,0,255.13000011444092,0.38499999046325684,21058931,1,9,,,
chrome,149.0.7827.158,bootstrap_500,2,warm,completed,233.9800000190735,,0,0,0,233.53999996185303,0.440000057220459,22896327,1,9,,,
chrome,149.0.7827.158,bootstrap_500,3,cold,completed,5654.334999799728,5346.584999799728,5344,5346.584999799728,0,307.3900001049042,0.3599998950958252,21070891,1,9,,,
chrome,149.0.7827.158,bootstrap_500,3,warm,completed,284.1300001144409,,0,0,0,283.65000009536743,0.48000001907348633,22844119,1,9,,,
chrome,149.0.7827.158,bootstrap_500,4,cold,completed,1534.7699999809265,1279.0099999904633,1277.2249999046326,1279.0099999904633,0,255.38499999046326,0.375,21259215,1,9,,,
chrome,149.0.7827.158,bootstrap_500,4,warm,completed,230.02500009536743,,0,0,0,229.68500018119812,0.3399999141693115,27103523,1,9,,,
chrome,149.0.7827.158,bootstrap_500,5,cold,completed,3780.060000181198,3429.9700000286102,3427.295000076294,3429.9700000286102,0,349.55000019073486,0.5399999618530273,21891283,1,9,,,
chrome,149.0.7827.158,bootstrap_500,5,warm,completed,296.25999999046326,,0,0,0,295.84500002861023,0.41499996185302734,22721439,1,9,,,
chrome,149.0.7827.158,bootstrap_500,6,cold,completed,2169.0299999713898,1911.3399999141693,1909.0750000476837,1911.335000038147,0,257.3050000667572,0.38499999046325684,22430787,1,9,,,
chrome,149.0.7827.158,bootstrap_500,6,warm,completed,224.5400002002716,,0,0,0,224.23000025749207,0.309999942779541,25197551,1,9,,,
chrome,149.0.7827.158,bootstrap_500,7,cold,completed,1666.3150000572205,1406.8450000286102,1404.604999780655,1406.8399999141693,0,259.0899999141693,0.38000011444091797,21787851,1,9,,,
chrome,149.0.7827.158,bootstrap_500,7,warm,completed,228.04999995231628,,0,0,0,227.7149999141693,0.33500003814697266,24309563,1,9,,,
chrome,149.0.7827.158,bootstrap_500,8,cold,completed,1930.9450001716614,1664.6650002002716,1662.1850001811981,1664.6650002002716,0,265.8800001144409,0.39999985694885254,21879531,1,9,,,
chrome,149.0.7827.158,bootstrap_500,8,warm,completed,229.02999997138977,,0,0,0,228.68499994277954,0.3450000286102295,23955483,1,9,,,
chrome,149.0.7827.158,bootstrap_500,9,cold,completed,1788.3200001716614,1526.9550001621246,1524.0250000953674,1526.9500000476837,0,260.97000002861023,0.39499998092651367,24228703,1,9,,,
chrome,149.0.7827.158,bootstrap_500,9,warm,completed,218.7849998474121,,0,0,0,218.44499969482422,0.3400001525878906,22891747,1,9,,,
chrome,149.0.7827.158,bootstrap_500,10,cold,completed,2916.055000066757,2655.805000066757,2653.619999885559,2655.805000066757,0,259.8600001335144,0.3899998664855957,24086132,1,9,,,
chrome,149.0.7827.158,bootstrap_500,10,warm,completed,288.25,,0,0,0,287.8599998950958,0.3900001049041748,27596684,1,9,,,
chrome,149.0.7827.158,bootstrap_500,11,cold,completed,2927.479999780655,2653.274999856949,2650.734999895096,2653.274999856949,0,273.6899998188019,0.5150001049041748,22600232,1,9,,,
chrome,149.0.7827.158,bootstrap_500,11,warm,completed,259.3050000667572,,0,0,0,258.82999992370605,0.47500014305114746,22890776,1,9,,,
chrome,149.0.7827.158,bootstrap_500,12,cold,completed,5390.680000066757,5084.180000066757,5081.789999961853,5084.180000066757,0,306.1050000190735,0.39499998092651367,23293908,1,9,,,
chrome,149.0.7827.158,bootstrap_500,12,warm,completed,241.79500007629395,,0,0,0,241.35999989509583,0.4350001811981201,22738020,1,9,,,
chrome,149.0.7827.158,bootstrap_500,13,cold,completed,1571.6300003528595,1310.965000152588,1308.4249999523163,1310.960000038147,0,260.2900002002716,0.375,20992468,1,9,,,
chrome,149.0.7827.158,bootstrap_500,13,warm,completed,223.8400001525879,,0,0,0,223.50500011444092,0.33500003814697266,29177024,1,9,,,
chrome,149.0.7827.158,bootstrap_500,14,cold,completed,1734.2799999713898,1473.2699999809265,1470.8650000095367,1473.2699999809265,0,260.6049997806549,0.4050002098083496,22280732,1,9,,,
chrome,149.0.7827.158,bootstrap_500,14,warm,completed,224.22499990463257,,0,0,0,223.8949999809265,0.3299999237060547,24842724,1,9,,,
chrome,149.0.7827.158,bootstrap_500,15,cold,completed,4854.875,4532.40499997139,4529.825000047684,4532.40499997139,0,322.0600001811981,0.4099998474121094,22226728,1,9,,,
chrome,149.0.7827.158,bootstrap_500,15,warm,completed,285.22000002861023,,0,0,0,284.6800000667572,0.5399999618530273,22908488,1,9,,,
chrome,149.0.7827.158,bootstrap_500,16,cold,completed,1649.565000295639,1384.7650001049042,1382.3250000476837,1384.7650001049042,0,264.3950002193451,0.4049999713897705,21131852,1,9,,,
chrome,149.0.7827.158,bootstrap_500,16,warm,completed,231.08000016212463,,0,0,0,230.63000011444092,0.4500000476837158,27220448,1,9,,,
chrome,149.0.7827.158,bootstrap_500,17,cold,completed,5275.069999694824,4965.929999828339,4963.015000104904,4965.929999828339,0,308.70499992370605,0.434999942779541,22016072,1,9,,,
chrome,149.0.7827.158,bootstrap_500,17,warm,completed,263.59500002861023,,0,0,0,263.1600000858307,0.434999942779541,22658012,1,9,,,
chrome,149.0.7827.158,bootstrap_500,18,cold,completed,5772.8150000572205,5437.34500002861,5435.3550000190735,5437.34500002861,0,334.99000000953674,0.48000001907348633,24278972,1,9,,,
chrome,149.0.7827.158,bootstrap_500,18,warm,completed,266.2350001335144,,0,0,0,265.78000020980835,0.4549999237060547,22746608,1,9,,,
chrome,149.0.7827.158,bootstrap_500,19,cold,completed,1760.1950001716614,1503.4400000572205,1500.7300000190735,1503.4400000572205,0,256.3550000190735,0.40000009536743164,21182060,1,9,,,
chrome,149.0.7827.158,bootstrap_500,19,warm,completed,231.60999989509583,,0,0,0,231.26999974250793,0.3400001525878906,27119316,1,9,,,
chrome,149.0.7827.158,bootstrap_500,20,cold,completed,5842.080000162125,5520.52999997139,5518.535000085831,5520.52999997139,0,321.0550003051758,0.49499988555908203,21129808,1,9,,,
chrome,149.0.7827.158,bootstrap_500,20,warm,completed,269.79500007629395,,0,0,0,269.34500002861023,0.4500000476837158,22824924,1,9,,,
chrome,149.0.7827.158,nmf_rank_selection_rank4,1,cold,completed,8577.69000005722,5017.0650000572205,5014.099999904633,5017.0650000572205,0,3557.3450000286102,3.2799999713897705,31845530,80,,2445.085000038147,1112.2400000095367,
chrome,149.0.7827.158,nmf_rank_selection_rank4,1,warm,completed,3231.079999923706,,0,0,0,3228.074999809265,3.005000114440918,60034318,80,,2147.774999856949,1080.295000076294,
chrome,149.0.7827.158,nmf_rank_selection_rank4,2,cold,completed,7661.335000038147,3916.085000038147,3914.0199999809265,3916.085000038147,0,3741.4800000190735,3.7699999809265137,31515578,80,,2464.619999885559,1276.840000152588,
chrome,149.0.7827.158,nmf_rank_selection_rank4,2,warm,completed,3624.7249999046326,,0,0,0,3621.699999809265,3.0250000953674316,50967010,80,,2594.944999933243,1026.75,
chrome,149.0.7827.158,nmf_rank_selection_rank4,3,cold,completed,5940.904999732971,2643.8049998283386,2641.1500000953674,2643.8049998283386,0,3293.6349999904633,3.4649999141693115,37116198,80,,2208.5549998283386,1085.0600001811981,
chrome,149.0.7827.158,nmf_rank_selection_rank4,3,warm,completed,3605.2200000286102,,0,0,0,3601.5650000572205,3.6549999713897705,59336710,80,,2375.8700001239777,1225.6849999427795,
chrome,149.0.7827.158,nmf_rank_selection_rank4,4,cold,completed,6074.904999732971,2802.819999933243,2801.100000143051,2802.819999933243,0,3268.699999809265,3.384999990463257,38374890,80,,2220.2999999523163,1048.380000114441,
chrome,149.0.7827.158,nmf_rank_selection_rank4,4,warm,completed,3274.3949999809265,,0,0,0,3270.984999895096,3.4100000858306885,61201318,80,,2191.704999923706,1079.2649998664856,
chrome,149.0.7827.158,nmf_rank_selection_rank4,5,cold,completed,4461.275000095367,1305.9800000190735,1303.8250000476837,1305.9800000190735,0,3151.569999933243,3.7250001430511475,50637138,80,,2087.810000181198,1063.744999885559,
chrome,149.0.7827.158,nmf_rank_selection_rank4,5,warm,completed,3255.335000038147,,0,0,0,3252.625,2.7100000381469727,39656326,80,,2235.210000038147,1017.4099998474121,
chrome,149.0.7827.158,nmf_rank_selection_rank4,6,cold,completed,4561.974999904633,1365.9649999141693,1363.2650001049042,1365.9649999141693,0,3192.4700000286102,3.5399999618530273,45116234,80,,2102.6349999904633,1089.8199999332428,
chrome,149.0.7827.158,nmf_rank_selection_rank4,6,warm,completed,3351.2850000858307,,0,0,0,3348.1900000572205,3.0950000286102295,42219878,80,,2302.6100001335144,1045.579999923706,
chrome,149.0.7827.158,nmf_rank_selection_rank4,7,cold,completed,7718.199999809265,4001.329999923706,3998.215000152588,4001.324999809265,0,3713.774999856949,3.0950000286102295,41648782,80,,2528.8099999427795,1184.9500000476837,
chrome,149.0.7827.158,nmf_rank_selection_rank4,7,warm,completed,3213.1449999809265,,0,0,0,3209.5,3.6449999809265137,33314182,80,,1963.8250000476837,1245.6600000858307,
chrome,149.0.7827.158,nmf_rank_selection_rank4,8,cold,completed,4378.795000076294,1332.8050000667572,1330.125,1332.8000001907349,0,3042.9400000572205,3.049999952316284,59685990,80,,1986.255000114441,1056.6600000858307,
chrome,149.0.7827.158,nmf_rank_selection_rank4,8,warm,completed,3251.2199997901917,,0,0,0,3247.604999780655,3.615000009536743,30945450,80,,2177.5049998760223,1070.0950000286102,
chrome,149.0.7827.158,nmf_rank_selection_rank4,9,cold,completed,4640.09500002861,1386.6400001049042,1383.8300001621246,1386.6400001049042,0,3249.7200000286102,3.734999895095825,36525750,80,,2032.994999885559,1216.710000038147,
chrome,149.0.7827.158,nmf_rank_selection_rank4,9,warm,completed,3619.4749999046326,,0,0,0,3615.7599997520447,3.7150001525878906,58739786,80,,2519.199999809265,1096.5500001907349,
chrome,149.0.7827.158,nmf_rank_selection_rank4,10,cold,completed,4987.674999952316,1884.5149998664856,1882.0599999427795,1884.5149998664856,0,3100.265000104904,2.8949999809265137,52790635,80,,2113.9400000572205,986.3099999427795,
chrome,149.0.7827.158,nmf_rank_selection_rank4,10,warm,completed,3179.0950000286102,,0,0,0,3176.0299999713898,3.065000057220459,42302371,80,,2200.5049998760223,975.5199999809265,
chrome,149.0.7827.158,nmf_rank_selection_rank4,11,cold,completed,4688.144999742508,1641.2199997901917,1639.5899999141693,1641.2199997901917,0,3043.569999933243,3.3550000190734863,45447887,80,,2087.3250000476837,956.2249999046326,
chrome,149.0.7827.158,nmf_rank_selection_rank4,11,warm,completed,3065.0800001621246,,0,0,0,3062.2350001335144,2.8450000286102295,42999059,80,,2093.090000152588,969.1349999904633,
chrome,149.0.7827.158,nmf_rank_selection_rank4,12,cold,completed,4660.829999923706,1691.369999885559,1689.1449999809265,1691.369999885559,0,2966.225000143051,3.234999895095825,38255659,80,,2035.875,930.335000038147,
chrome,149.0.7827.158,nmf_rank_selection_rank4,12,warm,completed,2943.409999847412,,0,0,0,2940.569999933243,2.8399999141693115,54561575,80,,1993.704999923706,946.8550000190735,
chrome,149.0.7827.158,nmf_rank_selection_rank4,13,cold,completed,4727.319999933243,1759.8499999046326,1757.9349999427795,1759.8450000286102,0,2964.409999847412,3.06000018119812,57939991,80,,1992.090000152588,972.3049998283386,
chrome,149.0.7827.158,nmf_rank_selection_rank4,13,warm,completed,3029.8550000190735,,0,0,0,3027.0999999046326,2.755000114440918,52610767,80,,2063.9349999427795,963.1600000858307,
chrome,149.0.7827.158,nmf_rank_selection_rank4,14,cold,completed,7732.009999990463,4540.859999895096,4538.495000123978,4540.859999895096,0,3187.5499999523163,3.6000001430511475,28905179,80,,2170.090000152588,1017.4349999427795,
chrome,149.0.7827.158,nmf_rank_selection_rank4,14,warm,completed,3049.2350001335144,,0,0,0,3046.3600001335144,2.875,53689023,80,,2027.8900001049042,1018.4650001525879,
chrome,149.0.7827.158,nmf_rank_selection_rank4,15,cold,completed,6793.915000200272,3580.7200000286102,3578.734999895096,3580.7200000286102,0,3210.1100001335144,3.0850000381469727,43348939,80,,2128.2450001239777,1081.8499999046326,
chrome,149.0.7827.158,nmf_rank_selection_rank4,15,warm,completed,2888.2300000190735,,0,0,0,2885.2799999713898,2.950000047683716,29041539,80,,1837.4250001907349,1047.8499999046326,
chrome,149.0.7827.158,nmf_rank_selection_rank4,16,cold,completed,6719.575000286102,3491.8200001716614,3489.189999818802,3491.8150000572205,0,3224.5750000476837,3.180000066757202,29842771,80,,2251.9500000476837,972.6050000190735,
chrome,149.0.7827.158,nmf_rank_selection_rank4,16,warm,completed,2941.5099999904633,,0,0,0,2938.4800000190735,3.0299999713897705,46558775,80,,1995.8949999809265,942.579999923706,
chrome,149.0.7827.158,nmf_rank_selection_rank4,17,cold,completed,8126.904999732971,5000.709999799728,4998.6050000190735,5000.709999799728,0,3122.9049999713898,3.2899999618530273,52147691,80,,2144.8150000572205,978.0750000476837,
chrome,149.0.7827.158,nmf_rank_selection_rank4,17,warm,completed,2912.7699999809265,,0,0,0,2910.0449998378754,2.7250001430511475,38706595,80,,1987.454999923706,922.579999923706,
chrome,149.0.7827.158,nmf_rank_selection_rank4,18,cold,completed,4882.069999933243,1935.6150000095367,1933.625,1935.6150000095367,0,2943.204999923706,3.25,48796255,80,,1998.3999998569489,944.7900002002716,
chrome,149.0.7827.158,nmf_rank_selection_rank4,18,warm,completed,3091.6600000858307,,0,0,0,3089.0300002098083,2.629999876022339,55737623,80,,2128.1900000572205,960.835000038147,
chrome,149.0.7827.158,nmf_rank_selection_rank4,19,cold,completed,5701.265000104904,2632.835000038147,2630.6950001716614,2632.835000038147,0,3065.2300000190735,3.200000047683716,35937931,80,,2093.8949999809265,971.3150000572205,
chrome,149.0.7827.158,nmf_rank_selection_rank4,19,warm,completed,3317.1699998378754,,0,0,0,3312.875,4.294999837875366,60998715,80,,2324.015000104904,988.8450000286102,
chrome,149.0.7827.158,nmf_rank_selection_rank4,20,cold,completed,8630.124999761581,5533.879999876022,5531.630000114441,5533.879999876022,0,3093.064999818802,3.180000066757202,52277831,80,,2121.2099997997284,971.8450000286102,
chrome,149.0.7827.158,nmf_rank_selection_rank4,20,warm,completed,2976.7699999809265,,0,0,0,2973.649999856949,3.120000123977661,38633455,80,,2045.920000076294,927.7249999046326,
edge,149.0.4022.80,single_sample_fit_report,1,cold,completed,5270.75,5266.47000002861,5264.330000162125,5266.47000002861,0,3.794999837875366,0.4850001335144043,21433908,1,9,,,
edge,149.0.4022.80,single_sample_fit_report,1,warm,completed,1.0550000667572021,,0,0,0,0.9700000286102295,0.08500003814697266,21433908,1,9,,,
edge,149.0.4022.80,single_sample_fit_report,2,cold,completed,1610.2149999141693,1606.6900000572205,1604.7400000095367,1606.6849999427795,0,3.125,0.39999985694885254,21541576,1,9,,,
edge,149.0.4022.80,single_sample_fit_report,2,warm,completed,0.9449999332427979,,0,0,0,0.869999885559082,0.07500004768371582,21541576,1,9,,,
edge,149.0.4022.80,single_sample_fit_report,3,cold,completed,4685.6449999809265,4680.97000002861,4678.47000002861,4680.97000002861,0,4.204999923706055,0.4700000286102295,21421624,1,9,,,
edge,149.0.4022.80,single_sample_fit_report,3,warm,completed,1.309999942779541,,0,0,0,1.2250001430511475,0.08499979972839355,21421624,1,9,,,
edge,149.0.4022.80,single_sample_fit_report,4,cold,completed,7216.960000038147,7212.5199999809265,7210.1900000572205,7212.5199999809265,0,4.004999876022339,0.4350001811981201,21374748,1,9,,,
edge,149.0.4022.80,single_sample_fit_report,4,warm,completed,1.2950000762939453,,0,0,0,1.1800000667572021,0.11500000953674316,21374748,1,9,,,
edge,149.0.4022.80,single_sample_fit_report,5,cold,completed,4417.959999799728,4413.189999818802,4410.6449999809265,4413.1849999427795,0,4.355000019073486,0.41499996185302734,21490232,1,9,,,
edge,149.0.4022.80,single_sample_fit_report,5,warm,completed,1.1499998569488525,,0,0,0,1.0499999523162842,0.09999990463256836,21490232,1,9,,,
edge,149.0.4022.80,single_sample_fit_report,6,cold,completed,2125.944999933243,2122.0950000286102,2119.9700000286102,2122.0950000286102,0,3.444999933242798,0.4049999713897705,21409628,1,9,,,
edge,149.0.4022.80,single_sample_fit_report,6,warm,completed,0.940000057220459,,0,0,0,0.8750002384185791,0.06499981880187988,21409628,1,9,,,
edge,149.0.4022.80,single_sample_fit_report,7,cold,completed,1520.085000038147,1515.755000114441,1513.8099999427795,1515.755000114441,0,3.9049999713897705,0.4249999523162842,21476060,1,9,,,
edge,149.0.4022.80,single_sample_fit_report,7,warm,completed,1.1050000190734863,,0,0,0,1.0399999618530273,0.06500005722045898,21476060,1,9,,,
edge,149.0.4022.80,single_sample_fit_report,8,cold,completed,1605.119999885559,1601.6150000095367,1599.255000114441,1601.6099998950958,0,3.119999885559082,0.38499999046325684,21581600,1,9,,,
edge,149.0.4022.80,single_sample_fit_report,8,warm,completed,0.9300000667572021,,0,0,0,0.8700001239776611,0.059999942779541016,21581600,1,9,,,
edge,149.0.4022.80,single_sample_fit_report,9,cold,completed,8086.239999771118,8081.589999914169,8079.339999914169,8081.585000038147,0,4.210000038146973,0.4399998188018799,21599668,1,9,,,
edge,149.0.4022.80,single_sample_fit_report,9,warm,completed,1.3050000667572021,,0,0,0,1.190000057220459,0.11500000953674316,21599668,1,9,,,
edge,149.0.4022.80,single_sample_fit_report,10,cold,completed,1513.7799999713898,1510.2650001049042,1507.335000038147,1510.2650001049042,0,3.109999895095825,0.4049999713897705,21537341,1,9,,,
edge,149.0.4022.80,single_sample_fit_report,10,warm,completed,1.005000114440918,,0,0,0,0.9249999523162842,0.08000016212463379,21537341,1,9,,,
edge,149.0.4022.80,single_sample_fit_report,11,cold,completed,7849.420000076294,7845.3949999809265,7843.045000076294,7845.390000104904,0,3.6050000190734863,0.4200000762939453,21374273,1,9,,,
edge,149.0.4022.80,single_sample_fit_report,11,warm,completed,1.1050000190734863,,0,0,0,1.0049998760223389,0.10000014305114746,21374273,1,9,,,
edge,149.0.4022.80,single_sample_fit_report,12,cold,completed,2430.2599999904633,2426.909999847412,2424.5750000476837,2426.9000000953674,0,2.9600000381469727,0.3900001049041748,21496597,1,9,,,
edge,149.0.4022.80,single_sample_fit_report,12,warm,completed,0.8949999809265137,,0,0,0,0.8350000381469727,0.059999942779541016,21496597,1,9,,,
edge,149.0.4022.80,single_sample_fit_report,13,cold,completed,3991.5350003242493,3986.560000181198,3984.039999961853,3986.5499999523163,0,4.360000133514404,0.6150000095367432,21384457,1,9,,,
edge,149.0.4022.80,single_sample_fit_report,13,warm,completed,1.5,,0,0,0,1.380000114440918,0.11999988555908203,21384457,1,9,,,
edge,149.0.4022.80,single_sample_fit_report,14,cold,completed,4518.300000190735,4513.925000190735,4512.139999866486,4513.920000076294,0,3.940000057220459,0.434999942779541,21354677,1,9,,,
edge,149.0.4022.80,single_sample_fit_report,14,warm,completed,1.1899998188018799,,0,0,0,1.0849997997283936,0.10500001907348633,21354677,1,9,,,
edge,149.0.4022.80,single_sample_fit_report,15,cold,completed,1343.6899998188019,1339.8049998283386,1337.6900000572205,1339.8049998283386,0,3.4649999141693115,0.4200000762939453,21597921,1,9,,,
edge,149.0.4022.80,single_sample_fit_report,15,warm,completed,0.9800000190734863,,0,0,0,0.9099998474121094,0.07000017166137695,21597921,1,9,,,
edge,149.0.4022.80,single_sample_fit_report,16,cold,completed,1378.5350003242493,1374.9050002098083,1372.8550000190735,1374.9050002098083,0,3.2300000190734863,0.40000009536743164,21382673,1,9,,,
edge,149.0.4022.80,single_sample_fit_report,16,warm,completed,1,,0,0,0,0.934999942779541,0.06500005722045898,21382673,1,9,,,
edge,149.0.4022.80,single_sample_fit_report,17,cold,completed,1525.9100000858307,1522.3450000286102,1519.7300000190735,1522.3450000286102,0,3.1600000858306885,0.4049999713897705,21471409,1,9,,,
edge,149.0.4022.80,single_sample_fit_report,17,warm,completed,0.9900000095367432,,0,0,0,0.9300000667572021,0.059999942779541016,21471409,1,9,,,
edge,149.0.4022.80,single_sample_fit_report,18,cold,completed,4323.829999923706,4318.534999847412,4315.789999961853,4318.534999847412,0,4.740000009536743,0.5550000667572021,21402925,1,9,,,
edge,149.0.4022.80,single_sample_fit_report,18,warm,completed,1.5199999809265137,,0,0,0,1.4100000858306885,0.1099998950958252,21402925,1,9,,,
edge,149.0.4022.80,single_sample_fit_report,19,cold,completed,1332.8150000572205,1329.289999961853,1327.0300002098083,1329.284999847412,0,3.1050000190734863,0.4200000762939453,21483537,1,9,,,
edge,149.0.4022.80,single_sample_fit_report,19,warm,completed,0.8899998664855957,,0,0,0,0.8349997997283936,0.05500006675720215,21483537,1,9,,,
edge,149.0.4022.80,single_sample_fit_report,20,cold,completed,1410.085000038147,1406.2900002002716,1404.3149998188019,1406.2900002002716,0,3.379999876022339,0.41499996185302734,21425409,1,9,,,
edge,149.0.4022.80,single_sample_fit_report,20,warm,completed,1.0800001621246338,,0,0,0,1,0.08000016212463379,21425409,1,9,,,
edge,149.0.4022.80,medium_cohort_120,1,cold,completed,1747.664999961853,1725.2749998569489,1723.3949999809265,1725.2699999809265,0,22.31500005722046,0.07500004768371582,22204557,120,9,,,
edge,149.0.4022.80,medium_cohort_120,1,warm,completed,16.65499997138977,,0,0,0,16.59500002861023,0.059999942779541016,22204557,120,9,,,
edge,149.0.4022.80,medium_cohort_120,2,cold,completed,1425.0499999523163,1402.4000000953674,1400.375,1402.4000000953674,0,22.574999809265137,0.07500004768371582,29191121,120,9,,,
edge,149.0.4022.80,medium_cohort_120,2,warm,completed,17.380000114440918,,0,0,0,17.325000047683716,0.05500006675720215,29191121,120,9,,,
edge,149.0.4022.80,medium_cohort_120,3,cold,completed,8380.200000047684,8349,8346.810000181198,8348.994999885559,0,31.115000009536743,0.08500003814697266,22482017,120,9,,,
edge,149.0.4022.80,medium_cohort_120,3,warm,completed,22.420000076293945,,0,0,0,22.300000190734863,0.11999988555908203,22482017,120,9,,,
edge,149.0.4022.80,medium_cohort_120,4,cold,completed,2860.3299996852875,2837.609999895096,2835.2750000953674,2837.6050000190735,0,22.62999987602234,0.08999991416931152,29327225,120,9,,,
edge,149.0.4022.80,medium_cohort_120,4,warm,completed,18.865000009536743,,0,0,0,18.789999961853027,0.07500004768371582,29327225,120,9,,,
edge,149.0.4022.80,medium_cohort_120,5,cold,completed,2024.8100001811981,1999.795000076294,1997.4800000190735,1999.7900002002716,0,24.94000005722046,0.07500004768371582,24610469,120,9,,,
edge,149.0.4022.80,medium_cohort_120,5,warm,completed,16.790000200271606,,0,0,0,16.730000019073486,0.06000018119812012,24610469,120,9,,,
edge,149.0.4022.80,medium_cohort_120,6,cold,completed,1499.5149998664856,1476.960000038147,1474.3700001239777,1476.954999923706,0,22.479999780654907,0.07500004768371582,22130969,120,9,,,
edge,149.0.4022.80,medium_cohort_120,6,warm,completed,16.80999994277954,,0,0,0,16.75,0.059999942779541016,22130969,120,9,,,
edge,149.0.4022.80,medium_cohort_120,7,cold,completed,4637.960000038147,4609.859999895096,4606.859999895096,4609.859999895096,0,28.019999980926514,0.08000016212463379,22072025,120,9,,,
edge,149.0.4022.80,medium_cohort_120,7,warm,completed,17.230000019073486,,0,0,0,17.15499997138977,0.07500004768371582,22072025,120,9,,,
edge,149.0.4022.80,medium_cohort_120,8,cold,completed,2020.6349999904633,1998.3849999904633,1996.1549999713898,1998.3849999904633,0,22.175000190734863,0.07499980926513672,22438585,120,9,,,
edge,149.0.4022.80,medium_cohort_120,8,warm,completed,16.605000019073486,,0,0,0,16.53499984741211,0.07000017166137695,22438585,120,9,,,
edge,149.0.4022.80,medium_cohort_120,9,cold,completed,4597.269999742508,4572.159999847412,4569.8150000572205,4572.15499997139,0,25.03499984741211,0.07500004768371582,28485789,120,9,,,
edge,149.0.4022.80,medium_cohort_120,9,warm,completed,23.244999885559082,,0,0,0,23.15499997138977,0.08999991416931152,28485789,120,9,,,
edge,149.0.4022.80,medium_cohort_120,10,cold,completed,1355.795000076294,1332.4950001239777,1330.465000152588,1332.4950001239777,0,23.22000002861023,0.07999992370605469,22708314,120,9,,,
edge,149.0.4022.80,medium_cohort_120,10,warm,completed,17.59999990463257,,0,0,0,17.519999980926514,0.07999992370605469,22708314,120,9,,,
edge,149.0.4022.80,medium_cohort_120,11,cold,completed,5564.294999837875,5534.199999809265,5532.295000076294,5534.199999809265,0,29.944999933242798,0.15000009536743164,22572714,120,9,,,
edge,149.0.4022.80,medium_cohort_120,11,warm,completed,24.424999952316284,,0,0,0,24.304999828338623,0.12000012397766113,22572714,120,9,,,
edge,149.0.4022.80,medium_cohort_120,12,cold,completed,1347.5999999046326,1325.0149998664856,1322.5949997901917,1325.0149998664856,0,22.505000114440918,0.07999992370605469,23321886,120,9,,,
edge,149.0.4022.80,medium_cohort_120,12,warm,completed,17.295000076293945,,0,0,0,17.235000133514404,0.059999942779541016,23321886,120,9,,,
edge,149.0.4022.80,medium_cohort_120,13,cold,completed,5271.0599999427795,5243.130000114441,5240.3099999427795,5243.125,0,27.824999809265137,0.10500001907348633,28522770,120,9,,,
edge,149.0.4022.80,medium_cohort_120,13,warm,completed,18.02500009536743,,0,0,0,17.955000162124634,0.06999993324279785,28522770,120,9,,,
edge,149.0.4022.80,medium_cohort_120,14,cold,completed,1434.210000038147,1411.2999999523163,1409.3650000095367,1411.2999999523163,0,22.81500005722046,0.09500002861022949,29450662,120,9,,,
edge,149.0.4022.80,medium_cohort_120,14,warm,completed,16.97000002861023,,0,0,0,16.890000104904175,0.07999992370605469,29450662,120,9,,,
edge,149.0.4022.80,medium_cohort_120,15,cold,completed,4694.090000152588,4667.825000047684,4665.725000143051,4667.819999933243,0,26.164999961853027,0.10000014305114746,28544930,120,9,,,
edge,149.0.4022.80,medium_cohort_120,15,warm,completed,18.569999933242798,,0,0,0,18.490000009536743,0.07999992370605469,28544930,120,9,,,
edge,149.0.4022.80,medium_cohort_120,16,cold,completed,2971.944999694824,2944.784999847412,2942.4700000286102,2944.7799999713898,0,27.079999923706055,0.07999992370605469,28612842,120,9,,,
edge,149.0.4022.80,medium_cohort_120,16,warm,completed,17.31500005722046,,0,0,0,17.255000114440918,0.059999942779541016,28612842,120,9,,,
edge,149.0.4022.80,medium_cohort_120,17,cold,completed,1660.8450002670288,1638.7050001621246,1636.1000001430511,1638.7050001621246,0,22.06500005722046,0.07500004768371582,29430390,120,9,,,
edge,149.0.4022.80,medium_cohort_120,17,warm,completed,16.66000008583069,,0,0,0,16.600000143051147,0.059999942779541016,29430390,120,9,,,
edge,149.0.4022.80,medium_cohort_120,18,cold,completed,4977.169999837875,4950.5650000572205,4948.549999952316,4950.5650000572205,0,26.514999866485596,0.08999991416931152,28601518,120,9,,,
edge,149.0.4022.80,medium_cohort_120,18,warm,completed,17.480000019073486,,0,0,0,17.41000008583069,0.06999993324279785,28601518,120,9,,,
edge,149.0.4022.80,medium_cohort_120,19,cold,completed,1752.960000038147,1731.0299999713898,1728.710000038147,1731.0299999713898,0,21.850000143051147,0.07999992370605469,22393790,120,9,,,
edge,149.0.4022.80,medium_cohort_120,19,warm,completed,16.65000009536743,,0,0,0,16.59000015258789,0.059999942779541016,22393790,120,9,,,
edge,149.0.4022.80,medium_cohort_120,20,cold,completed,2416.425000190735,2394.685000181198,2392.5499999523163,2394.685000181198,0,21.66000008583069,0.07999992370605469,22585398,120,9,,,
edge,149.0.4022.80,medium_cohort_120,20,warm,completed,16.569999933242798,,0,0,0,16.515000104904175,0.05499982833862305,22585398,120,9,,,
edge,149.0.4022.80,portal_scale_300x40,1,cold,completed,4175.999999761581,2556.6299998760223,2554.4100000858307,2556.625,0,1618.6399998664856,0.7300000190734863,30091935,300,40,,,
edge,149.0.4022.80,portal_scale_300x40,1,warm,completed,1592.0700001716614,,0,0,0,1591.6050000190735,0.4650001525878906,28756639,300,40,,,
edge,149.0.4022.80,portal_scale_300x40,2,cold,completed,6431.900000095367,4822.610000133514,4820.365000009537,4822.610000133514,0,1608.6149997711182,0.6750001907348633,28543039,300,40,,,
edge,149.0.4022.80,portal_scale_300x40,2,warm,completed,1679.534999847412,,0,0,0,1678.9800000190735,0.554999828338623,33003443,300,40,,,
edge,149.0.4022.80,portal_scale_300x40,3,cold,completed,6024.339999914169,4423.0199999809265,4420.445000171661,4423.0199999809265,0,1600.670000076294,0.6499998569488525,32377679,300,40,,,
edge,149.0.4022.80,portal_scale_300x40,3,warm,completed,1636.8949999809265,,0,0,0,1636.4049999713898,0.49000000953674316,30544471,300,40,,,
edge,149.0.4022.80,portal_scale_300x40,4,cold,completed,3940.2799999713898,2361.5350000858307,2359.4500000476837,2361.5350000858307,0,1578.244999885559,0.5,26337935,300,40,,,
edge,149.0.4022.80,portal_scale_300x40,4,warm,completed,1672.0699999332428,,0,0,0,1671.5649998188019,0.505000114440918,31357531,300,40,,,
edge,149.0.4022.80,portal_scale_300x40,5,cold,completed,6993.890000104904,5275.110000133514,5272.705000162125,5275.110000133514,0,1718.0199999809265,0.7599999904632568,29578099,300,40,,,
edge,149.0.4022.80,portal_scale_300x40,5,warm,completed,1563.4449999332428,,0,0,0,1562.9599997997284,0.4850001335144043,34150575,300,40,,,
edge,149.0.4022.80,portal_scale_300x40,6,cold,completed,5652.289999961853,3950.4400000572205,3947.539999961853,3950.430000066757,0,1701.0199999809265,0.8299999237060547,30560727,300,40,,,
edge,149.0.4022.80,portal_scale_300x40,6,warm,completed,1604.1549999713898,,0,0,0,1603.7799999713898,0.375,28612983,300,40,,,
edge,149.0.4022.80,portal_scale_300x40,7,cold,completed,6937.610000133514,5282.165000200272,5279.575000047684,5282.165000200272,0,1654.3599998950958,1.0850000381469727,31002191,300,40,,,
edge,149.0.4022.80,portal_scale_300x40,7,warm,completed,1881.8499999046326,,0,0,0,1881.420000076294,0.42999982833862305,29441843,300,40,,,
edge,149.0.4022.80,portal_scale_300x40,8,cold,completed,3914.2100002765656,2317.3150000572205,2315.244999885559,2317.3049998283386,0,1596.1800003051758,0.7149999141693115,33773055,300,40,,,
edge,149.0.4022.80,portal_scale_300x40,8,warm,completed,1649.2650001049042,,0,0,0,1648.755000114441,0.5099999904632568,30964223,300,40,,,
edge,149.0.4022.80,portal_scale_300x40,9,cold,completed,5620.090000152588,3971.465000152588,3969.5,3971.460000038147,0,1647.9350001811981,0.6899998188018799,29203771,300,40,,,
edge,149.0.4022.80,portal_scale_300x40,9,warm,completed,1694.880000114441,,0,0,0,1694.3700001239777,0.5099999904632568,33438627,300,40,,,
edge,149.0.4022.80,portal_scale_300x40,10,cold,completed,5502.790000200272,3911.975000143051,3909.7599999904633,3911.9700000286102,0,1590.1050000190735,0.7100000381469727,29694580,300,40,,,
edge,149.0.4022.80,portal_scale_300x40,10,warm,completed,1613.4500000476837,,0,0,0,1612.9400000572205,0.5099999904632568,34266232,300,40,,,
edge,149.0.4022.80,portal_scale_300x40,11,cold,completed,6637.65499997139,5052.359999895096,5049.7699999809265,5052.359999895096,0,1584.5650000572205,0.7300000190734863,28810408,300,40,,,
edge,149.0.4022.80,portal_scale_300x40,11,warm,completed,1605.710000038147,,0,0,0,1605.210000038147,0.5,33188980,300,40,,,
edge,149.0.4022.80,portal_scale_300x40,12,cold,completed,5701.204999923706,3950.0499999523163,3948.0199999809265,3950.045000076294,0,1750.284999847412,0.8700001239776611,30559336,300,40,,,
edge,149.0.4022.80,portal_scale_300x40,12,warm,completed,1801.4649999141693,,0,0,0,1801.0299999713898,0.434999942779541,28662468,300,40,,,
edge,149.0.4022.80,portal_scale_300x40,13,cold,completed,5988.130000114441,4391.4800000190735,4389.109999895096,4391.474999904633,0,1596.1000001430511,0.5499999523162842,26568056,300,40,,,
edge,149.0.4022.80,portal_scale_300x40,13,warm,completed,1579.7249999046326,,0,0,0,1579.2399997711182,0.4850001335144043,31529908,300,40,,,
edge,149.0.4022.80,portal_scale_300x40,14,cold,completed,5409.734999895096,3681.329999923706,3679.505000114441,3681.324999809265,0,1727.6500000953674,0.7549998760223389,29565168,300,40,,,
edge,149.0.4022.80,portal_scale_300x40,14,warm,completed,1655.9649999141693,,0,0,0,1655.2999997138977,0.6650002002716064,34163676,300,40,,,
edge,149.0.4022.80,portal_scale_300x40,15,cold,completed,5152.824999809265,3535.109999895096,3532.6100001335144,3535.1050000190735,0,1617.1149997711182,0.6000001430511475,27212824,300,40,,,
edge,149.0.4022.80,portal_scale_300x40,15,warm,completed,1623.1299998760223,,0,0,0,1622.6249997615814,0.505000114440918,32008592,300,40,,,
edge,149.0.4022.80,portal_scale_300x40,16,cold,completed,6089.049999952316,4488.22000002861,4485.640000104904,4488.22000002861,0,1600.1699998378754,0.6600000858306885,32057492,300,40,,,
edge,149.0.4022.80,portal_scale_300x40,16,warm,completed,1718.505000114441,,0,0,0,1718.0650000572205,0.440000057220459,29696488,300,40,,,
edge,149.0.4022.80,portal_scale_300x40,17,cold,completed,5511.234999895096,3919.204999923706,3916.819999933243,3919.199999809265,0,1591.2599999904633,0.7699999809265137,28825428,300,40,,,
edge,149.0.4022.80,portal_scale_300x40,17,warm,completed,1717.6299998760223,,0,0,0,1717.1299998760223,0.5,33164428,300,40,,,
edge,149.0.4022.80,portal_scale_300x40,18,cold,completed,5580.40499997139,3946.494999885559,3944.5099999904633,3946.494999885559,0,1633.2250001430511,0.684999942779541,29387420,300,40,,,
edge,149.0.4022.80,portal_scale_300x40,18,warm,completed,1726.0449998378754,,0,0,0,1725.5549998283386,0.49000000953674316,33567960,300,40,,,
edge,149.0.4022.80,portal_scale_300x40,19,cold,completed,5538.084999799728,3974.3099999427795,3972.109999895096,3974.3099999427795,0,1563.0149998664856,0.7599999904632568,30301128,300,40,,,
edge,149.0.4022.80,portal_scale_300x40,19,warm,completed,1688.7300000190735,,0,0,0,1688.2249999046326,0.505000114440918,34250924,300,40,,,
edge,149.0.4022.80,portal_scale_300x40,20,cold,completed,6349.614999771118,4746.044999837875,4743.520000219345,4746.044999837875,0,1602.8250000476837,0.744999885559082,29930200,300,40,,,
edge,149.0.4022.80,portal_scale_300x40,20,warm,completed,1637.6100001335144,,0,0,0,1636.965000152588,0.6449999809265137,33975384,300,40,,,
edge,149.0.4022.80,bootstrap_500,1,cold,completed,3315.215000152588,3013.005000114441,3010.975000143051,3012.994999885559,0,301.74500012397766,0.4649999141693115,24095105,1,9,,,
edge,149.0.4022.80,bootstrap_500,1,warm,completed,244.32500004768372,,0,0,0,243.89999985694885,0.4250001907348633,22701641,1,9,,,
edge,149.0.4022.80,bootstrap_500,2,cold,completed,5490.079999923706,5194.224999904633,5191.884999990463,5194.224999904633,0,295.4649999141693,0.3900001049041748,20913365,1,9,,,
edge,149.0.4022.80,bootstrap_500,2,warm,completed,238.69000005722046,,0,0,0,238.26500010490417,0.4249999523162842,22886985,1,9,,,
edge,149.0.4022.80,bootstrap_500,3,cold,completed,1966.2699999809265,1716.2149999141693,1713.5,1716.2149999141693,0,249.70000004768372,0.35500001907348633,24233805,1,9,,,
edge,149.0.4022.80,bootstrap_500,3,warm,completed,214.99000000953674,,0,0,0,214.6650002002716,0.3249998092651367,24165269,1,9,,,
edge,149.0.4022.80,bootstrap_500,4,cold,completed,5109.40499997139,4812.97000002861,4810.785000085831,4812.97000002861,0,296.0550000667572,0.37999987602233887,24161809,1,9,,,
edge,149.0.4022.80,bootstrap_500,4,warm,completed,256.25,,0,0,0,255.5699999332428,0.6800000667572021,22637181,1,9,,,
edge,149.0.4022.80,bootstrap_500,5,cold,completed,1688.9399998188019,1430.869999885559,1428.965000152588,1430.8600001335144,0,257.64999985694885,0.4200000762939453,20998925,1,9,,,
edge,149.0.4022.80,bootstrap_500,5,warm,completed,233.24000000953674,,0,0,0,232.89999985694885,0.3400001525878906,23860077,1,9,,,
edge,149.0.4022.80,bootstrap_500,6,cold,completed,1592.7349998950958,1333.8149998188019,1331.9500000476837,1333.8149998188019,0,258.5150001049042,0.4049999713897705,20946485,1,9,,,
edge,149.0.4022.80,bootstrap_500,6,warm,completed,222.4300000667572,,0,0,0,222.1050000190735,0.3250000476837158,23160693,1,9,,,
edge,149.0.4022.80,bootstrap_500,7,cold,completed,1538.5199999809265,1276.4449999332428,1274.375,1276.4449999332428,0,261.6600000858307,0.41499996185302734,21092689,1,9,,,
edge,149.0.4022.80,bootstrap_500,7,warm,completed,228.66499996185303,,0,0,0,228.3050000667572,0.3599998950958252,27718945,1,9,,,
edge,149.0.4022.80,bootstrap_500,8,cold,completed,2755.734999895096,2497.984999895096,2496.069999933243,2497.979999780655,0,257.1099998950958,0.6400001049041748,21863537,1,9,,,
edge,149.0.4022.80,bootstrap_500,8,warm,completed,234.90500020980835,,0,0,0,234.46000003814697,0.44500017166137695,23020853,1,9,,,
edge,149.0.4022.80,bootstrap_500,9,cold,completed,1627.289999961853,1373.7949998378754,1372.0199999809265,1373.789999961853,0,253.10500025749207,0.3899998664855957,24240577,1,9,,,
edge,149.0.4022.80,bootstrap_500,9,warm,completed,217.3600001335144,,0,0,0,217.02500009536743,0.33500003814697266,22888665,1,9,,,
edge,149.0.4022.80,bootstrap_500,10,cold,completed,1791.5049998760223,1535.994999885559,1534.1850001811981,1535.9900000095367,0,255.11999988555908,0.3900001049041748,21056846,1,9,,,
edge,149.0.4022.80,bootstrap_500,10,warm,completed,222.18499994277954,,0,0,0,221.8399999141693,0.3450000286102295,28562098,1,9,,,
edge,149.0.4022.80,bootstrap_500,11,cold,completed,1652.7999997138977,1397.5549998283386,1395.7300000190735,1397.5499999523163,0,254.8399999141693,0.4049999713897705,21086170,1,9,,,
edge,149.0.4022.80,bootstrap_500,11,warm,completed,220.3199999332428,,0,0,0,219.98499989509583,0.33500003814697266,27161962,1,9,,,
edge,149.0.4022.80,bootstrap_500,12,cold,completed,4324.039999961853,4034.6399998664856,4032.4249999523163,4034.6399998664856,0,288.9650001525879,0.434999942779541,21007266,1,9,,,
edge,149.0.4022.80,bootstrap_500,12,warm,completed,289.4450001716614,,0,0,0,289.01500034332275,0.42999982833862305,22972002,1,9,,,
edge,149.0.4022.80,bootstrap_500,13,cold,completed,4386.9800000190735,4099.09500002861,4096.72000002861,4099.09500002861,0,287.52500009536743,0.3599998950958252,21654226,1,9,,,
edge,149.0.4022.80,bootstrap_500,13,warm,completed,245.93499994277954,,0,0,0,245.5299997329712,0.4050002098083496,22795598,1,9,,,
edge,149.0.4022.80,bootstrap_500,14,cold,completed,5427.974999904633,5076.34500002861,5073.890000104904,5076.339999914169,0,351.0750000476837,0.554999828338623,24269622,1,9,,,
edge,149.0.4022.80,bootstrap_500,14,warm,completed,268.5699999332428,,0,0,0,268.09500002861023,0.47499990463256836,22937850,1,9,,,
edge,149.0.4022.80,bootstrap_500,15,cold,completed,2029.8900001049042,1776.0199999809265,1773.7300000190735,1776.0199999809265,0,253.51000022888184,0.3599998950958252,24338434,1,9,,,
edge,149.0.4022.80,bootstrap_500,15,warm,completed,229.30499982833862,,0,0,0,228.90499997138977,0.39999985694885254,27755238,1,9,,,
edge,149.0.4022.80,bootstrap_500,16,cold,completed,3826.9749999046326,3545.414999961853,3542.854999780655,3545.414999961853,0,281.1749999523163,0.38499999046325684,20997690,1,9,,,
edge,149.0.4022.80,bootstrap_500,16,warm,completed,250.37999987602234,,0,0,0,249.8199999332428,0.559999942779541,22826786,1,9,,,
edge,149.0.4022.80,bootstrap_500,17,cold,completed,1798.6250002384186,1538.795000076294,1536.1650002002716,1538.7850000858307,0,259.4350001811981,0.39499998092651367,24222362,1,9,,,
edge,149.0.4022.80,bootstrap_500,17,warm,completed,230.0900001525879,,0,0,0,229.75,0.3400001525878906,29105874,1,9,,,
edge,149.0.4022.80,bootstrap_500,18,cold,completed,5363.300000190735,5080.650000095367,5078.185000181198,5080.650000095367,0,282.27500009536743,0.375,21825874,1,9,,,
edge,149.0.4022.80,bootstrap_500,18,warm,completed,246.01500010490417,,0,0,0,245.5750002861023,0.4399998188018799,22715618,1,9,,,
edge,149.0.4022.80,bootstrap_500,19,cold,completed,1853.1550002098083,1595.3500001430511,1593.1449999809265,1595.3500001430511,0,257.4249999523163,0.38000011444091797,23229290,1,9,,,
edge,149.0.4022.80,bootstrap_500,19,warm,completed,221.75999999046326,,0,0,0,221.43499994277954,0.3250000476837158,27460734,1,9,,,
edge,149.0.4022.80,bootstrap_500,20,cold,completed,5490.759999990463,5175.464999914169,5173.710000038147,5175.460000038147,0,314.8550000190735,0.440000057220459,24159746,1,9,,,
edge,149.0.4022.80,bootstrap_500,20,warm,completed,232.4650001525879,,0,0,0,232.06000018119812,0.4049999713897705,22609626,1,9,,,
edge,149.0.4022.80,nmf_rank_selection_rank4,1,cold,completed,4869.855000257492,1812.840000152588,1810.789999961853,1812.840000152588,0,3052.7300000190735,4.2850000858306885,40946152,80,,2048.6900000572205,1004.0099999904633,
edge,149.0.4022.80,nmf_rank_selection_rank4,1,warm,completed,3018.914999961853,,0,0,0,3015.1150000095367,3.799999952316284,36608024,80,,2060.210000038147,954.9000000953674,
edge,149.0.4022.80,nmf_rank_selection_rank4,2,cold,completed,6067.820000171661,2987.4950001239777,2985.234999895096,2987.4950001239777,0,3076.484999895096,3.8400001525878906,55900620,80,,2075.210000038147,1001.2649998664856,
edge,149.0.4022.80,nmf_rank_selection_rank4,2,warm,completed,2968.9649999141693,,0,0,0,2965.7649998664856,3.200000047683716,42974084,80,,2041.414999961853,924.3499999046326,
edge,149.0.4022.80,nmf_rank_selection_rank4,3,cold,completed,7991.249999761581,4917.349999904633,4915.110000133514,4917.349999904633,0,3070.9900000095367,2.9099998474121094,43191108,80,,2121.039999961853,949.9349999427795,
edge,149.0.4022.80,nmf_rank_selection_rank4,3,warm,completed,3076.25,,0,0,0,3073.3200001716614,2.929999828338623,32743764,80,,2122.8250000476837,950.4850001335144,
edge,149.0.4022.80,nmf_rank_selection_rank4,4,cold,completed,5113.840000152588,2073.2300000190735,2071.2599999904633,2073.225000143051,0,3036.7950003147125,3.81499981880188,52932016,80,,1995.5550000667572,1041.2149999141693,
edge,149.0.4022.80,nmf_rank_selection_rank4,4,warm,completed,3134.0449998378754,,0,0,0,3130.564999818802,3.4800000190734863,42311712,80,,2056.0899999141693,1074.4749999046326,
edge,149.0.4022.80,nmf_rank_selection_rank4,5,cold,completed,4606.6599996089935,1534.9599997997284,1532.7350001335144,1534.9599997997284,0,3068.734999895096,2.9649999141693115,30001020,80,,2022.829999923706,1045.8949999809265,
edge,149.0.4022.80,nmf_rank_selection_rank4,5,warm,completed,3081.7000000476837,,0,0,0,3078.5599999427795,3.140000104904175,53190724,80,,2112.0950000286102,966.4500000476837,
edge,149.0.4022.80,nmf_rank_selection_rank4,6,cold,completed,4879.169999837875,1914.9199998378754,1912.4800000190735,1914.914999961853,0,2960.9700000286102,3.2799999713897705,48166556,80,,2009.7999999523163,951.1600000858307,
edge,149.0.4022.80,nmf_rank_selection_rank4,6,warm,completed,3048.4850001335144,,0,0,0,3045.7750000953674,2.7100000381469727,61106324,80,,2063.255000114441,982.5149998664856,
edge,149.0.4022.80,nmf_rank_selection_rank4,7,cold,completed,7144.494999885559,3962.8899998664856,3960.765000104904,3962.8849999904633,0,3178.8700001239777,2.734999895095825,57947740,80,,2201.130000114441,977.7300000190735,
edge,149.0.4022.80,nmf_rank_selection_rank4,7,warm,completed,3121.2750000953674,,0,0,0,3118.715000152588,2.559999942779541,52668528,80,,2045.3949999809265,1073.3050000667572,
edge,149.0.4022.80,nmf_rank_selection_rank4,8,cold,completed,7073.330000162125,3927.8250000476837,3925.3450000286102,3927.8250000476837,0,3142.4500002861023,3.054999828338623,34120315,80,,2185.465000152588,956.9750001430511,
edge,149.0.4022.80,nmf_rank_selection_rank4,8,warm,completed,2951.7149999141693,,0,0,0,2948.5849997997284,3.130000114440918,39097563,80,,2016.8949999809265,931.6849999427795,
edge,149.0.4022.80,nmf_rank_selection_rank4,9,cold,completed,6351.439999818802,3379.914999961853,3377.6849999427795,3379.914999961853,0,2968.3150000572205,3.2099997997283936,43173104,80,,2057.414999961853,910.8900001049042,
edge,149.0.4022.80,nmf_rank_selection_rank4,9,warm,completed,3146.329999923706,,0,0,0,3143.0499999523163,3.2799999713897705,30267816,80,,2173.2649998664856,969.7799999713898,
edge,149.0.4022.80,nmf_rank_selection_rank4,10,cold,completed,4882.944999933243,1950.5449998378754,1948.6550002098083,1950.539999961853,0,2929.3200001716614,3.0799999237060547,56413213,80,,2004.5,924.7999999523163,
edge,149.0.4022.80,nmf_rank_selection_rank4,10,warm,completed,3039.7000000476837,,0,0,0,3036.7000000476837,3,46426713,80,,2082.430000066757,954.2599999904633,
edge,149.0.4022.80,nmf_rank_selection_rank4,11,cold,completed,6991.090000152588,3907.895000219345,3905.2799999713898,3907.890000104904,0,3080.2350001335144,2.9599997997283936,38042625,80,,2147.4649999141693,932.7550001144409,
edge,149.0.4022.80,nmf_rank_selection_rank4,11,warm,completed,2992.149999856949,,0,0,0,2988.9700000286102,3.179999828338623,34973905,80,,2019.0700001716614,969.8849999904633,
edge,149.0.4022.80,nmf_rank_selection_rank4,12,cold,completed,5953.549999952316,2947.3650000095367,2945.1749999523163,2947.359999895096,0,3002.869999885559,3.315000057220459,30513937,80,,2066.7400000095367,936.1150000095367,
edge,149.0.4022.80,nmf_rank_selection_rank4,12,warm,completed,2938.8949999809265,,0,0,0,2935.755000114441,3.1399998664855957,47144969,80,,1927.5149998664856,1008.2350001335144,
edge,149.0.4022.80,nmf_rank_selection_rank4,13,cold,completed,4863.3150000572205,1655.6050000190735,1653.1549999713898,1655.6050000190735,0,3204.555000066757,3.1549999713897705,39025817,80,,2048.8550000190735,1155.6900000572205,
edge,149.0.4022.80,nmf_rank_selection_rank4,13,warm,completed,3117.6050000190735,,0,0,0,3113.659999847412,3.945000171661377,49094205,80,,2093.1449999809265,1020.5099999904633,
edge,149.0.4022.80,nmf_rank_selection_rank4,14,cold,completed,4491.059999704361,1475.1499998569489,1473.045000076294,1475.1449999809265,0,3012.5999999046326,3.309999942779541,38995965,80,,2038.4349999427795,974.1499998569489,
edge,149.0.4022.80,nmf_rank_selection_rank4,14,warm,completed,3170.039999961853,,0,0,0,3166.649999856949,3.390000104904175,29706169,80,,2172.9049999713898,993.7349998950958,
edge,149.0.4022.80,nmf_rank_selection_rank4,15,cold,completed,4922.349999904633,1823.0199999809265,1821.0949997901917,1823.0149998664856,0,3096.0899999141693,3.240000009536743,28414365,80,,2141.399999856949,954.6800000667572,
edge,149.0.4022.80,nmf_rank_selection_rank4,15,warm,completed,3072.680000066757,,0,0,0,3068.715000152588,3.9649999141693115,36280157,80,,2110.5,958.2050001621246,
edge,149.0.4022.80,nmf_rank_selection_rank4,16,cold,completed,6194.450000047684,2905.2450001239777,2902.5350000858307,2905.2450001239777,0,3285.869999885559,3.3350000381469727,37676137,80,,2169.125,1116.7300000190735,
edge,149.0.4022.80,nmf_rank_selection_rank4,16,warm,completed,2964.369999885559,,0,0,0,2961.1349997520447,3.2350001335144043,55039973,80,,1889.1150000095367,1072.0149998664856,
edge,149.0.4022.80,nmf_rank_selection_rank4,17,cold,completed,6144.400000095367,2853.875,2851.6749999523163,2853.869999885559,0,3287.670000076294,2.8550000190734863,26953713,80,,2179.7300000190735,1107.9249999523163,
edge,149.0.4022.80,nmf_rank_selection_rank4,17,warm,completed,2828.0099999904633,,0,0,0,2825.274999856949,2.7350001335144043,46494177,80,,1874.4100000858307,950.8549997806549,
edge,149.0.4022.80,nmf_rank_selection_rank4,18,cold,completed,4286.245000362396,1357.9250001907349,1356.1550002098083,1357.9250001907349,0,2924.385000228882,3.934999942779541,49412749,80,,1944.3700001239777,980,
edge,149.0.4022.80,nmf_rank_selection_rank4,18,warm,completed,3055.1449999809265,,0,0,0,3052.1600000858307,2.984999895095825,57478401,80,,2090.994999885559,961.1600000858307,
edge,149.0.4022.80,nmf_rank_selection_rank4,19,cold,completed,4485.805000066757,1490.4100000858307,1488.6200001239777,1490.4100000858307,0,2991.3949999809265,4,27023657,80,,2013.5449998378754,977.8250000476837,
edge,149.0.4022.80,nmf_rank_selection_rank4,19,warm,completed,3097.3450000286102,,0,0,0,3094.585000038147,2.759999990463257,34045325,80,,2094.0250000953674,1000.5599999427795,
edge,149.0.4022.80,nmf_rank_selection_rank4,20,cold,completed,4518.315000295639,1430.9950001239777,1428.6349999904633,1430.9950001239777,0,3083.3150000572205,4.005000114440918,46422221,80,,2038.8550000190735,1044.4299998283386,
edge,149.0.4022.80,nmf_rank_selection_rank4,20,warm,completed,3044.295000076294,,0,0,0,3041.539999961853,2.755000114440918,53412301,80,,2070.7549998760223,970.7800002098083,
firefox,150.0.2,single_sample_fit_report,1,cold,completed,1184.02,1181.32,1179.04,1180.6599999999999,0,2.4400000000000546,0.2599999999999909,,1,9,,,
firefox,150.0.2,single_sample_fit_report,1,warm,completed,3,,0,0,0,1.3600000000001273,1.6399999999998727,,1,9,,,
firefox,150.0.2,single_sample_fit_report,2,cold,completed,2671.3999999999996,2669.2,2667.2799999999997,2668.62,0,1.9600000000000364,0.23999999999978172,,1,9,,,
firefox,150.0.2,single_sample_fit_report,2,warm,completed,2.6200000000003456,,0,0,0,1.2600000000002183,1.3600000000001273,,1,9,,,
firefox,150.0.2,single_sample_fit_report,3,cold,completed,1112.9,1110.5,1109.04,1109.78,0,2.160000000000082,0.2400000000000091,,1,9,,,
firefox,150.0.2,single_sample_fit_report,3,warm,completed,2.9400000000000546,,0,0,0,1.3599999999999,1.5800000000001546,,1,9,,,
firefox,150.0.2,single_sample_fit_report,4,cold,completed,2341.3400000000006,2339.0800000000004,2336.58,2338.5200000000004,0,2,0.2600000000002183,,1,9,,,
firefox,150.0.2,single_sample_fit_report,4,warm,completed,2.6799999999998363,,0,0,0,1.3400000000001455,1.3399999999996908,,1,9,,,
firefox,150.0.2,single_sample_fit_report,5,cold,completed,1427.96,1425.68,1424.48,1425.0400000000002,0,2.019999999999982,0.2599999999999909,,1,9,,,
firefox,150.0.2,single_sample_fit_report,5,warm,completed,2.7200000000000273,,0,0,0,1.3599999999999,1.3600000000001273,,1,9,,,
firefox,150.0.2,single_sample_fit_report,6,cold,completed,3523.62,3521.4,3519.16,3520.88,0,1.9600000000000364,0.25999999999976353,,1,9,,,
firefox,150.0.2,single_sample_fit_report,6,warm,completed,2.900000000000091,,0,0,0,1.3600000000001273,1.5399999999999636,,1,9,,,
firefox,150.0.2,single_sample_fit_report,7,cold,completed,1589.7400000000002,1587.0600000000002,1584.9199999999998,1586.3600000000001,0,2.4400000000000546,0.2400000000000091,,1,9,,,
firefox,150.0.2,single_sample_fit_report,7,warm,completed,2.9200000000000728,,0,0,0,1.400000000000091,1.5199999999999818,,1,9,,,
firefox,150.0.2,single_sample_fit_report,8,cold,completed,4345.740000000001,4343.46,4341.28,4342.8,0,2,0.28000000000065484,,1,9,,,
firefox,150.0.2,single_sample_fit_report,8,warm,completed,2.7399999999997817,,0,0,0,1.3400000000001455,1.3999999999996362,,1,9,,,
firefox,150.0.2,single_sample_fit_report,9,cold,completed,1164.16,1161.9,1160.68,1161.3,0,2.019999999999982,0.2400000000000091,,1,9,,,
firefox,150.0.2,single_sample_fit_report,9,warm,completed,2.8199999999999363,,0,0,0,1.3199999999999363,1.5,,1,9,,,
firefox,150.0.2,single_sample_fit_report,10,cold,completed,3712.2000000000003,3709.88,3707.7999999999997,3709.34,0,2.0599999999999454,0.2600000000002183,,1,9,,,
firefox,150.0.2,single_sample_fit_report,10,warm,completed,3.6599999999998545,,0,0,0,3.5,0.15999999999985448,,1,9,,,
firefox,150.0.2,single_sample_fit_report,11,cold,completed,4073.5600000000004,4071.2200000000003,4068.5199999999995,4070.58,0,2.0999999999994543,0.24000000000069122,,1,9,,,
firefox,150.0.2,single_sample_fit_report,11,warm,completed,2.9200000000000728,,0,0,0,1.3999999999996362,1.5200000000004366,,1,9,,,
firefox,150.0.2,single_sample_fit_report,12,cold,completed,1155.64,1153.34,1151.16,1152.62,0,2.0399999999999636,0.2600000000002183,,1,9,,,
firefox,150.0.2,single_sample_fit_report,12,warm,completed,2.8199999999999363,,0,0,0,1.3399999999999181,1.4800000000000182,,1,9,,,
firefox,150.0.2,single_sample_fit_report,13,cold,completed,4002.14,3999.94,4009.2200000000003,3999.26,0,1.9600000000000364,0.23999999999978172,,1,9,,,
firefox,150.0.2,single_sample_fit_report,13,warm,completed,2.880000000000109,,0,0,0,2.7399999999997817,0.14000000000032742,,1,9,,,
firefox,150.0.2,single_sample_fit_report,14,cold,completed,1035.7,1033.36,1031.76,1032.58,0,2.0800000000001546,0.2599999999999909,,1,9,,,
firefox,150.0.2,single_sample_fit_report,14,warm,completed,2.740000000000009,,0,0,0,2.599999999999909,0.14000000000010004,,1,9,,,
firefox,150.0.2,single_sample_fit_report,15,cold,completed,893.9599999999999,891.62,889.8,890.86,0,2.0799999999999272,0.2599999999999909,,1,9,,,
firefox,150.0.2,single_sample_fit_report,15,warm,completed,2.839999999999918,,0,0,0,1.3199999999999363,1.5199999999999818,,1,9,,,
firefox,150.0.2,single_sample_fit_report,16,cold,completed,1060.1599999999999,1057.94,1056.6,1057.1799999999998,0,1.9800000000000182,0.23999999999978172,,1,9,,,
firefox,150.0.2,single_sample_fit_report,16,warm,completed,3.1799999999998363,,0,0,0,3.019999999999982,0.15999999999985448,,1,9,,,
firefox,150.0.2,single_sample_fit_report,17,cold,completed,979.8800000000001,977.56,991.46,976.9399999999999,0,2.0599999999999454,0.2600000000002183,,1,9,,,
firefox,150.0.2,single_sample_fit_report,17,warm,completed,2.9199999999998454,,0,0,0,2.7799999999999727,0.13999999999987267,,1,9,,,
firefox,150.0.2,single_sample_fit_report,18,cold,completed,1139.7,1137.18,1134.7,1136.5800000000002,0,2.259999999999991,0.2599999999999909,,1,9,,,
firefox,150.0.2,single_sample_fit_report,18,warm,completed,2.7000000000000455,,0,0,0,1.2799999999999727,1.4200000000000728,,1,9,,,
firefox,150.0.2,single_sample_fit_report,19,cold,completed,4038.7400000000002,4036.4599999999996,4034.54,4035.8199999999997,0,2.0200000000004366,0.2600000000002183,,1,9,,,
firefox,150.0.2,single_sample_fit_report,19,warm,completed,3.219999999999345,,0,0,0,3.019999999999527,0.1999999999998181,,1,9,,,
firefox,150.0.2,single_sample_fit_report,20,cold,completed,980.8,978.5,976.9399999999999,977.9599999999999,0,2.0399999999999636,0.2599999999999909,,1,9,,,
firefox,150.0.2,single_sample_fit_report,20,warm,completed,3.400000000000091,,0,0,0,3.259999999999991,0.14000000000010004,,1,9,,,
firefox,150.0.2,medium_cohort_120,1,cold,completed,1144.72,1116.68,1114.3,1116.0800000000002,0,27.95999999999981,0.08000000000015461,,120,9,,,
firefox,150.0.2,medium_cohort_120,1,warm,completed,23.460000000000036,,0,0,0,23.37999999999988,0.08000000000015461,,120,9,,,
firefox,150.0.2,medium_cohort_120,2,cold,completed,4350.579999999999,4321.48,4319.42,4320.92,0,28.99999999999909,0.1000000000003638,,120,9,,,
firefox,150.0.2,medium_cohort_120,2,warm,completed,24.360000000000582,,0,0,0,24.26000000000022,0.1000000000003638,,120,9,,,
firefox,150.0.2,medium_cohort_120,3,cold,completed,1094.62,1067.7,1065.3999999999999,1067,0,26.819999999999936,0.09999999999990905,,120,9,,,
firefox,150.0.2,medium_cohort_120,3,warm,completed,25.1400000000001,,0,0,0,25.04000000000019,0.09999999999990905,,120,9,,,
firefox,150.0.2,medium_cohort_120,4,cold,completed,3971.0200000000004,3942.96,3940.36,3942.2799999999997,0,27.960000000000036,0.1000000000003638,,120,9,,,
firefox,150.0.2,medium_cohort_120,4,warm,completed,26.720000000000255,,0,0,0,26.61999999999989,0.1000000000003638,,120,9,,,
firefox,150.0.2,medium_cohort_120,5,cold,completed,2085.96,2058.86,2056.9,2058.22,0,27,0.09999999999990905,,120,9,,,
firefox,150.0.2,medium_cohort_120,5,warm,completed,26.11999999999989,,0,0,0,26.039999999999964,0.07999999999992724,,120,9,,,
firefox,150.0.2,medium_cohort_120,6,cold,completed,1121.1999999999998,1093.06,1091.3600000000001,1092.22,0,28.039999999999964,0.09999999999990905,,120,9,,,
firefox,150.0.2,medium_cohort_120,6,warm,completed,27.1400000000001,,0,0,0,27.039999999999964,0.10000000000013642,,120,9,,,
firefox,150.0.2,medium_cohort_120,7,cold,completed,2851.6400000000003,2824.82,2823.04,2823.9,0,26.720000000000255,0.09999999999990905,,120,9,,,
firefox,150.0.2,medium_cohort_120,7,warm,completed,24.440000000000055,,0,0,0,24.360000000000127,0.07999999999992724,,120,9,,,
firefox,150.0.2,medium_cohort_120,8,cold,completed,1959.0600000000004,1930.7800000000002,1940.46,1929.88,0,28.16000000000031,0.11999999999989086,,120,9,,,
firefox,150.0.2,medium_cohort_120,8,warm,completed,27.039999999999964,,0,0,0,26.940000000000055,0.09999999999990905,,120,9,,,
firefox,150.0.2,medium_cohort_120,9,cold,completed,2556.28,2528.1800000000003,2525.7599999999998,2527.5,0,28,0.09999999999990905,,120,9,,,
firefox,150.0.2,medium_cohort_120,9,warm,completed,26.179999999999836,,0,0,0,26.079999999999927,0.09999999999990905,,120,9,,,
firefox,150.0.2,medium_cohort_120,10,cold,completed,1659.84,1631.8799999999999,1630.54,1631.2199999999998,0,27.88000000000011,0.07999999999992724,,120,9,,,
firefox,150.0.2,medium_cohort_120,10,warm,completed,26.74000000000001,,0,0,0,26.660000000000082,0.07999999999992724,,120,9,,,
firefox,150.0.2,medium_cohort_120,11,cold,completed,3550.8199999999997,3524.16,3522.0600000000004,3523.24,0,26.559999999999945,0.09999999999990905,,120,9,,,
firefox,150.0.2,medium_cohort_120,11,warm,completed,24.420000000000073,,0,0,0,24.340000000000146,0.07999999999992724,,120,9,,,
firefox,150.0.2,medium_cohort_120,12,cold,completed,1385.64,1359.02,1369.84,1358.2,0,26.52000000000021,0.09999999999990905,,120,9,,,
firefox,150.0.2,medium_cohort_120,12,warm,completed,25.160000000000082,,0,0,0,25.079999999999927,0.08000000000015461,,120,9,,,
firefox,150.0.2,medium_cohort_120,13,cold,completed,3703.7000000000003,3673.44,3684.94,3672.6600000000003,0,30.140000000000327,0.11999999999989086,,120,9,,,
firefox,150.0.2,medium_cohort_120,13,warm,completed,25.340000000000146,,0,0,0,25.240000000000236,0.09999999999990905,,120,9,,,
firefox,150.0.2,medium_cohort_120,14,cold,completed,1150.0399999999997,1122.9799999999998,1121.5200000000002,1122.3,0,26.960000000000036,0.09999999999990905,,120,9,,,
firefox,150.0.2,medium_cohort_120,14,warm,completed,25.080000000000155,,0,0,0,24.980000000000018,0.10000000000013642,,120,9,,,
firefox,150.0.2,medium_cohort_120,15,cold,completed,3692.4800000000005,3666.2200000000003,3664.1,3665.6600000000003,0,26.159999999999854,0.1000000000003638,,120,9,,,
firefox,150.0.2,medium_cohort_120,15,warm,completed,25.2199999999998,,0,0,0,25.11999999999989,0.09999999999990905,,120,9,,,
firefox,150.0.2,medium_cohort_120,16,cold,completed,1152.78,1125.54,1123.68,1124.74,0,27.1400000000001,0.09999999999990905,,120,9,,,
firefox,150.0.2,medium_cohort_120,16,warm,completed,25.060000000000173,,0,0,0,24.980000000000018,0.08000000000015461,,120,9,,,
firefox,150.0.2,medium_cohort_120,17,cold,completed,2331.24,2301.52,2299.3399999999997,2300.86,0,29.61999999999989,0.09999999999990905,,120,9,,,
firefox,150.0.2,medium_cohort_120,17,warm,completed,24.920000000000073,,0,0,0,24.840000000000146,0.07999999999992724,,120,9,,,
firefox,150.0.2,medium_cohort_120,18,cold,completed,1678.52,1650.84,1648.74,1650.12,0,27.600000000000136,0.07999999999992724,,120,9,,,
firefox,150.0.2,medium_cohort_120,18,warm,completed,25.700000000000045,,0,0,0,25.600000000000136,0.09999999999990905,,120,9,,,
firefox,150.0.2,medium_cohort_120,19,cold,completed,3998.78,3970.2400000000002,3968.12,3969.34,0,28.4399999999996,0.1000000000003638,,120,9,,,
firefox,150.0.2,medium_cohort_120,19,warm,completed,27.0600000000004,,0,0,0,26.980000000000473,0.07999999999992724,,120,9,,,
firefox,150.0.2,medium_cohort_120,20,cold,completed,1071.26,1042.94,1041.14,1042.38,0,28.220000000000027,0.09999999999990905,,120,9,,,
firefox,150.0.2,medium_cohort_120,20,warm,completed,26.539999999999964,,0,0,0,26.45999999999981,0.08000000000015461,,120,9,,,
firefox,150.0.2,portal_scale_300x40,1,cold,completed,5698.0599999999995,2778.64,2776.4,2777.8399999999997,0,2918.88,0.5399999999999636,,300,40,,,
firefox,150.0.2,portal_scale_300x40,1,warm,completed,2919.12,,0,0,0,2918.62,0.5,,300,40,,,
firefox,150.0.2,portal_scale_300x40,2,cold,completed,4777.26,1967.66,1965.8200000000002,1967.0600000000002,0,2809.0800000000004,0.5199999999995271,,300,40,,,
firefox,150.0.2,portal_scale_300x40,2,warm,completed,2811.8199999999997,,0,0,0,2811.3,0.5199999999995271,,300,40,,,
firefox,150.0.2,portal_scale_300x40,3,cold,completed,3882.9800000000005,1074.04,1071.8,1073.4,0,2808.42,0.5200000000004366,,300,40,,,
firefox,150.0.2,portal_scale_300x40,3,warm,completed,2812.04,,0,0,0,2811.54,0.5,,300,40,,,
firefox,150.0.2,portal_scale_300x40,4,cold,completed,6642.719999999999,3822.02,3819.74,3821.2599999999998,0,2820.16,0.5399999999999636,,300,40,,,
firefox,150.0.2,portal_scale_300x40,4,warm,completed,2804.500000000001,,0,0,0,2804.000000000001,0.5,,300,40,,,
firefox,150.0.2,portal_scale_300x40,5,cold,completed,4319.92,1323.62,1322.46,1322.86,0,2995.58,0.7200000000002547,,300,40,,,
firefox,150.0.2,portal_scale_300x40,5,warm,completed,2926.7,,0,0,0,2926.16,0.5399999999999636,,300,40,,,
firefox,150.0.2,portal_scale_300x40,6,cold,completed,4388.639999999999,1431.1599999999999,1429.54,1430.44,0,2956.94,0.5399999999999636,,300,40,,,
firefox,150.0.2,portal_scale_300x40,6,warm,completed,2847.7,,0,0,0,2847.12,0.5799999999999272,,300,40,,,
firefox,150.0.2,portal_scale_300x40,7,cold,completed,3829,977.02,974.8599999999999,976.46,0,2851.4600000000005,0.5199999999995271,,300,40,,,
firefox,150.0.2,portal_scale_300x40,7,warm,completed,2842.16,,0,0,0,2841.66,0.5,,300,40,,,
firefox,150.0.2,portal_scale_300x40,8,cold,completed,4403.48,1540.08,1537.9599999999998,1539.42,0,2862.8599999999997,0.5399999999999636,,300,40,,,
firefox,150.0.2,portal_scale_300x40,8,warm,completed,2853.84,,0,0,0,2853.3200000000006,0.5199999999995271,,300,40,,,
firefox,150.0.2,portal_scale_300x40,9,cold,completed,7333.98,4460.0599999999995,4457.2,4459.5199999999995,0,2873.3600000000006,0.5599999999994907,,300,40,,,
firefox,150.0.2,portal_scale_300x40,9,warm,completed,2857.46,,0,0,0,2856.919999999999,0.5400000000008731,,300,40,,,
firefox,150.0.2,portal_scale_300x40,10,cold,completed,5437.3,2568.1400000000003,2566.2,2567.36,0,2868.6000000000004,0.5599999999994907,,300,40,,,
firefox,150.0.2,portal_scale_300x40,10,warm,completed,2843.5200000000004,,0,0,0,2842.9799999999996,0.5400000000008731,,300,40,,,
firefox,150.0.2,portal_scale_300x40,11,cold,completed,4160.56,1195.32,1193.3,1194.62,0,2964.7000000000007,0.5399999999999636,,300,40,,,
firefox,150.0.2,portal_scale_300x40,11,warm,completed,2947.24,,0,0,0,2946.74,0.5,,300,40,,,
firefox,150.0.2,portal_scale_300x40,12,cold,completed,4070.42,1161.76,1158.9,1161.04,0,2908.12,0.5399999999999636,,300,40,,,
firefox,150.0.2,portal_scale_300x40,12,warm,completed,2977,,0,0,0,2976.46,0.5399999999999636,,300,40,,,
firefox,150.0.2,portal_scale_300x40,13,cold,completed,5431.42,2349.2999999999997,2348.1400000000003,2348.64,0,3081.5800000000004,0.5399999999999636,,300,40,,,
firefox,150.0.2,portal_scale_300x40,13,warm,completed,3070.12,,0,0,0,3069.6400000000003,0.47999999999956344,,300,40,,,
firefox,150.0.2,portal_scale_300x40,14,cold,completed,6705.84,3789.04,3798.52,3788.44,0,2916.2800000000007,0.5199999999995271,,300,40,,,
firefox,150.0.2,portal_scale_300x40,14,warm,completed,2948.879999999999,,0,0,0,2948.379999999999,0.5,,300,40,,,
firefox,150.0.2,portal_scale_300x40,15,cold,completed,6118.200000000001,3061.76,3060.48,3060.94,0,3055.92,0.5200000000004366,,300,40,,,
firefox,150.0.2,portal_scale_300x40,15,warm,completed,3051.239999999999,,0,0,0,3050.7199999999984,0.5200000000004366,,300,40,,,
firefox,150.0.2,portal_scale_300x40,16,cold,completed,4039.3,1102.5200000000002,1101.02,1101.98,0,2936.26,0.5199999999995271,,300,40,,,
firefox,150.0.2,portal_scale_300x40,16,warm,completed,2916.7799999999997,,0,0,0,2916.2200000000003,0.5599999999994907,,300,40,,,
firefox,150.0.2,portal_scale_300x40,17,cold,completed,4489.66,1686.72,1684.7800000000002,1686.1,0,2802.42,0.5199999999995271,,300,40,,,
firefox,150.0.2,portal_scale_300x40,17,warm,completed,2800.6800000000003,,0,0,0,2800.1400000000003,0.5399999999999636,,300,40,,,
firefox,150.0.2,portal_scale_300x40,18,cold,completed,4063.2000000000003,1170.6399999999999,1168.26,1169.96,0,2892.04,0.5200000000004366,,300,40,,,
firefox,150.0.2,portal_scale_300x40,18,warm,completed,2911.34,,0,0,0,2910.7800000000007,0.5599999999994907,,300,40,,,
firefox,150.0.2,portal_scale_300x40,19,cold,completed,4319.7,1260.0600000000002,1272.54,1259.3600000000001,0,3058.9,0.7399999999997817,,300,40,,,
firefox,150.0.2,portal_scale_300x40,19,warm,completed,3036.5999999999995,,0,0,0,3036.04,0.5599999999994907,,300,40,,,
firefox,150.0.2,portal_scale_300x40,20,cold,completed,6450.099999999999,3637.7999999999997,3636,3637.12,0,2811.78,0.5199999999995271,,300,40,,,
firefox,150.0.2,portal_scale_300x40,20,warm,completed,2816.4399999999996,,0,0,0,2815.9399999999996,0.5,,300,40,,,
firefox,150.0.2,bootstrap_500,1,cold,completed,4051.2400000000002,3823.66,3821.78,3823.08,0,226.55999999999995,1.0200000000004366,,1,9,,,
firefox,150.0.2,bootstrap_500,1,warm,completed,235.97999999999956,,0,0,0,234.97999999999956,1,,1,9,,,
firefox,150.0.2,bootstrap_500,2,cold,completed,2311.8,2090.58,2088.48,2090.04,0,220.24000000000024,0.9800000000000182,,1,9,,,
firefox,150.0.2,bootstrap_500,2,warm,completed,232.92000000000007,,0,0,0,231.94000000000005,0.9800000000000182,,1,9,,,
firefox,150.0.2,bootstrap_500,3,cold,completed,1959.7600000000002,1732.68,1730.6200000000001,1732.14,0,226.08000000000015,1,,1,9,,,
firefox,150.0.2,bootstrap_500,3,warm,completed,234.03999999999996,,0,0,0,233.05999999999995,0.9800000000000182,,1,9,,,
firefox,150.0.2,bootstrap_500,4,cold,completed,2118.86,1886.26,1883.76,1885.72,0,231.62000000000012,0.9800000000000182,,1,9,,,
firefox,150.0.2,bootstrap_500,4,warm,completed,237.13999999999987,,0,0,0,236.15999999999985,0.9800000000000182,,1,9,,,
firefox,150.0.2,bootstrap_500,5,cold,completed,1571.3000000000002,1335.0600000000002,1332.38,1334.38,0,235.26,0.9800000000000182,,1,9,,,
firefox,150.0.2,bootstrap_500,5,warm,completed,231.27999999999997,,0,0,0,230.27999999999997,1,,1,9,,,
firefox,150.0.2,bootstrap_500,6,cold,completed,5338.32,5107.9,5105.86,5107.299999999999,0,229.42000000000007,1,,1,9,,,
firefox,150.0.2,bootstrap_500,6,warm,completed,240.34000000000015,,0,0,0,239.36000000000058,0.9799999999995634,,1,9,,,
firefox,150.0.2,bootstrap_500,7,cold,completed,1255.2999999999997,1029.1799999999998,1027.94,1028.44,0,225.13999999999987,0.9800000000000182,,1,9,,,
firefox,150.0.2,bootstrap_500,7,warm,completed,241.67999999999984,,0,0,0,240.65999999999985,1.0199999999999818,,1,9,,,
firefox,150.0.2,bootstrap_500,8,cold,completed,4113.34,3883.3999999999996,3881.36,3882.8399999999997,0,228.91999999999962,1.0200000000004366,,1,9,,,
firefox,150.0.2,bootstrap_500,8,warm,completed,238.19999999999982,,0,0,0,237.22000000000025,0.9799999999995634,,1,9,,,
firefox,150.0.2,bootstrap_500,9,cold,completed,1186.14,960.1800000000001,957.44,959.5400000000001,0,224.96000000000004,1,,1,9,,,
firefox,150.0.2,bootstrap_500,9,warm,completed,235.92000000000007,,0,0,0,234.94000000000005,0.9800000000000182,,1,9,,,
firefox,150.0.2,bootstrap_500,10,cold,completed,3814.48,3594.72,3592.66,3594.02,0,218.76000000000022,1,,1,9,,,
firefox,150.0.2,bootstrap_500,10,warm,completed,239.02000000000044,,0,0,0,237.97999999999956,1.0400000000008731,,1,9,,,
firefox,150.0.2,bootstrap_500,11,cold,completed,1406.8600000000001,1185.56,1184.26,1184.98,0,220.30000000000018,1,,1,9,,,
firefox,150.0.2,bootstrap_500,11,warm,completed,238.51999999999998,,0,0,0,237.53999999999996,0.9800000000000182,,1,9,,,
firefox,150.0.2,bootstrap_500,12,cold,completed,1390.1200000000001,1162.74,1161.44,1162.16,0,226.4000000000001,0.9800000000000182,,1,9,,,
firefox,150.0.2,bootstrap_500,12,warm,completed,234.24,,0,0,0,233.24,1,,1,9,,,
firefox,150.0.2,bootstrap_500,13,cold,completed,4785.84,4543.3,4540.84,4542.7,0,241.47999999999956,1.0600000000004002,,1,9,,,
firefox,150.0.2,bootstrap_500,13,warm,completed,268.4200000000001,,0,0,0,267.40000000000055,1.019999999999527,,1,9,,,
firefox,150.0.2,bootstrap_500,14,cold,completed,2130.88,1896.52,1895.1000000000001,1895.86,0,233.3599999999999,1,,1,9,,,
firefox,150.0.2,bootstrap_500,14,warm,completed,244.22000000000025,,0,0,0,243.22000000000025,1,,1,9,,,
firefox,150.0.2,bootstrap_500,15,cold,completed,1324.96,1096.48,1093.96,1095.76,0,227.48000000000002,1,,1,9,,,
firefox,150.0.2,bootstrap_500,15,warm,completed,238.62000000000012,,0,0,0,237.62000000000012,1,,1,9,,,
firefox,150.0.2,bootstrap_500,16,cold,completed,2299.7799999999997,2069.54,2066.9599999999996,2068.96,0,229.23999999999978,1,,1,9,,,
firefox,150.0.2,bootstrap_500,16,warm,completed,240.01999999999998,,0,0,0,239.01999999999998,1,,1,9,,,
firefox,150.0.2,bootstrap_500,17,cold,completed,1496.3,1265.74,1263.1,1264.88,0,229.60000000000014,0.959999999999809,,1,9,,,
firefox,150.0.2,bootstrap_500,17,warm,completed,240.63999999999987,,0,0,0,239.57999999999993,1.0599999999999454,,1,9,,,
firefox,150.0.2,bootstrap_500,18,cold,completed,4303.040000000001,4067.5800000000004,4064.7200000000003,4066.7000000000003,0,234.46000000000004,1,,1,9,,,
firefox,150.0.2,bootstrap_500,18,warm,completed,244.92000000000007,,0,0,0,243.92000000000007,1,,1,9,,,
firefox,150.0.2,bootstrap_500,19,cold,completed,1397.52,1170.4,1168.5,1169.5,0,226.15999999999985,0.9600000000000364,,1,9,,,
firefox,150.0.2,bootstrap_500,19,warm,completed,234.18000000000006,,0,0,0,233.22000000000003,0.9600000000000364,,1,9,,,
firefox,150.0.2,bootstrap_500,20,cold,completed,1272.24,1037.2,1035.96,1036.54,0,234.10000000000014,0.9399999999998272,,1,9,,,
firefox,150.0.2,bootstrap_500,20,warm,completed,242.67999999999984,,0,0,0,241.69999999999982,0.9800000000000182,,1,9,,,
firefox,150.0.2,nmf_rank_selection_rank4,1,cold,completed,5946.540000000001,3524.38,3521.7599999999998,3523.82,0,2418.44,3.7200000000002547,,80,,1639.54,778.8599999999997,
firefox,150.0.2,nmf_rank_selection_rank4,1,warm,completed,2254.3599999999997,,0,0,0,2250.5999999999995,3.7600000000002183,,80,,1544.54,706.0599999999995,
firefox,150.0.2,nmf_rank_selection_rank4,2,cold,completed,6389.38,4018.7200000000003,4016.5800000000004,4018.16,0,2366.8999999999996,3.7600000000002183,,80,,1597.9799999999996,768.9200000000001,
firefox,150.0.2,nmf_rank_selection_rank4,2,warm,completed,2274.959999999999,,0,0,0,2271.2999999999975,3.6600000000016735,,80,,1566.6999999999998,704.579999999999,
firefox,150.0.2,nmf_rank_selection_rank4,3,cold,completed,4217.54,1898.26,1896.96,1897.6999999999998,0,2315.56,3.7200000000002547,,80,,1547.5,768.06,
firefox,150.0.2,nmf_rank_selection_rank4,3,warm,completed,2399.1400000000003,,0,0,0,2395.3600000000006,3.7799999999997453,,80,,1608.3000000000002,787.04,
firefox,150.0.2,nmf_rank_selection_rank4,4,cold,completed,3177.38,950.84,949.06,950.28,0,2222.7200000000003,3.819999999999709,,80,,1508.72,714,
firefox,150.0.2,nmf_rank_selection_rank4,4,warm,completed,2282.7200000000003,,0,0,0,2278.9399999999996,3.780000000000655,,80,,1534.7799999999997,744.1599999999999,
firefox,150.0.2,nmf_rank_selection_rank4,5,cold,completed,3415.7799999999997,1037.3,1035.92,1036.56,0,2374.58,3.900000000000091,,80,,1605.2200000000003,769.3599999999997,
firefox,150.0.2,nmf_rank_selection_rank4,5,warm,completed,2357.2,,0,0,0,2353.4800000000005,3.719999999999345,,80,,1604.7399999999998,748.7400000000007,
firefox,150.0.2,nmf_rank_selection_rank4,6,cold,completed,3359.7799999999997,982.78,980.44,982.1600000000001,0,2373.3,3.699999999999818,,80,,1616.34,756.94,
firefox,150.0.2,nmf_rank_selection_rank4,6,warm,completed,2324.28,,0,0,0,2320.6,3.680000000000291,,80,,1563.7999999999997,756.7799999999997,
firefox,150.0.2,nmf_rank_selection_rank4,7,cold,completed,3448.7799999999997,1120.2,1118.6399999999999,1119.5,0,2324.82,3.7599999999997635,,80,,1586.1,738.7200000000003,
firefox,150.0.2,nmf_rank_selection_rank4,7,warm,completed,2259.2599999999998,,0,0,0,2255.52,3.7399999999997817,,80,,1521.1399999999999,734.3600000000006,
firefox,150.0.2,nmf_rank_selection_rank4,8,cold,completed,4964.9400000000005,2663.7000000000003,2661.9,2663.1600000000003,0,2297.48,3.7600000000002183,,80,,1553.1399999999999,744.3400000000001,
firefox,150.0.2,nmf_rank_selection_rank4,8,warm,completed,2321,,0,0,0,2317.2200000000003,3.7799999999997453,,80,,1548.3999999999996,768.8000000000002,
firefox,150.0.2,nmf_rank_selection_rank4,9,cold,completed,3697.44,1331.08,1329.74,1330.5,0,2362.56,3.800000000000182,,80,,1582.58,779.96,
firefox,150.0.2,nmf_rank_selection_rank4,9,warm,completed,2364.0400000000004,,0,0,0,2360.3399999999997,3.7000000000007276,,80,,1593.9199999999996,766.4200000000001,
firefox,150.0.2,nmf_rank_selection_rank4,10,cold,completed,3420.8200000000006,1080.8,1079.42,1080.2,0,2336.3,3.7200000000002547,,80,,1582.14,754.1599999999999,
firefox,150.0.2,nmf_rank_selection_rank4,10,warm,completed,2400.6400000000003,,0,0,0,2396.9400000000005,3.699999999999818,,80,,1600.6999999999998,796.1999999999998,
firefox,150.0.2,nmf_rank_selection_rank4,11,cold,completed,4366.360000000001,2052.6600000000003,2050.92,2052.0800000000004,0,2309.94,3.7600000000002183,,80,,1581.5,728.3999999999996,
firefox,150.0.2,nmf_rank_selection_rank4,11,warm,completed,2240.1800000000003,,0,0,0,2236.5,3.680000000000291,,80,,1527.7799999999997,708.6999999999998,
firefox,150.0.2,nmf_rank_selection_rank4,12,cold,completed,3516.56,1171.56,1179.98,1170.98,0,2341.1400000000003,3.8599999999996726,,80,,1568.86,772.2600000000002,
firefox,150.0.2,nmf_rank_selection_rank4,12,warm,completed,2185.7400000000002,,0,0,0,2181.94,3.800000000000182,,80,,1474.2999999999997,707.6400000000003,
firefox,150.0.2,nmf_rank_selection_rank4,13,cold,completed,3972.0800000000004,1617.02,1615.02,1616.4399999999998,0,2351.2200000000003,3.8400000000001455,,80,,1583.62,767.5799999999999,
firefox,150.0.2,nmf_rank_selection_rank4,13,warm,completed,2209.5599999999995,,0,0,0,2205.92,3.639999999999418,,80,,1509.1999999999998,696.7200000000003,
firefox,150.0.2,nmf_rank_selection_rank4,14,cold,completed,4915.72,2691.2,2680.3399999999997,2690.48,0,2220.7,3.8200000000006185,,80,,1498.9000000000005,721.7999999999993,
firefox,150.0.2,nmf_rank_selection_rank4,14,warm,completed,2254.8599999999997,,0,0,0,2251.16,3.699999999999818,,80,,1497.9799999999996,753.1800000000003,
firefox,150.0.2,nmf_rank_selection_rank4,15,cold,completed,5513.280000000001,3161.86,3159.94,3161.3,0,2347.58,3.8400000000001455,,80,,1587.1800000000003,760.3999999999996,
firefox,150.0.2,nmf_rank_selection_rank4,15,warm,completed,2281.54,,0,0,0,2277.8199999999997,3.7200000000002547,,80,,1571.0199999999995,706.8000000000002,
firefox,150.0.2,nmf_rank_selection_rank4,16,cold,completed,6197.42,3819.8399999999997,3817.76,3819.3199999999997,0,2373.7599999999998,3.8200000000006185,,80,,1611.7600000000002,761.9799999999996,
firefox,150.0.2,nmf_rank_selection_rank4,16,warm,completed,2255.7199999999993,,0,0,0,2252.040000000001,3.679999999998472,,80,,1555.46,696.54,
firefox,150.0.2,nmf_rank_selection_rank4,17,cold,completed,3513.3600000000006,1214.1000000000001,1211.8,1213.52,0,2295.42,3.8400000000001455,,80,,1546.6000000000001,748.8199999999997,
firefox,150.0.2,nmf_rank_selection_rank4,17,warm,completed,2233.34,,0,0,0,2229.6400000000003,3.699999999999818,,80,,1510.1599999999999,719.4800000000005,
firefox,150.0.2,nmf_rank_selection_rank4,18,cold,completed,4170.94,1844.7399999999998,1842.9,1844.1399999999999,0,2322.24,3.9600000000000364,,80,,1586.9,735.3399999999997,
firefox,150.0.2,nmf_rank_selection_rank4,18,warm,completed,2364.7800000000007,,0,0,0,2360.9800000000005,3.800000000000182,,80,,1590.8400000000001,770.1199999999999,
firefox,150.0.2,nmf_rank_selection_rank4,19,cold,completed,5294.9,2944.2599999999998,2942.86,2943.72,0,2346.8,3.839999999999236,,80,,1590.9399999999996,755.8600000000006,
firefox,150.0.2,nmf_rank_selection_rank4,19,warm,completed,2243.8999999999996,,0,0,0,2240.2199999999993,3.680000000000291,,80,,1544.2399999999998,695.96,
firefox,150.0.2,nmf_rank_selection_rank4,20,cold,completed,5870.4400000000005,3633.6,3644.2000000000003,3633.04,0,2233.04,3.800000000000182,,80,,1520.4400000000005,712.5999999999995,
firefox,150.0.2,nmf_rank_selection_rank4,20,warm,completed,2261.7799999999997,,0,0,0,2258.0600000000004,3.719999999999345,,80,,1497.4000000000005,760.6599999999999,
