signature,A[C>A]A,A[C>A]C,A[C>A]G,A[C>A]T,C[C>A]A,C[C>A]C,C[C>A]G,C[C>A]T,G[C>A]A,G[C>A]C,G[C>A]G,G[C>A]T,T[C>A]A,T[C>A]C,T[C>A]G,T[C>A]T,A[C>G]A,A[C>G]C,A[C>G]G,A[C>G]T,C[C>G]A,C[C>G]C,C[C>G]G,C[C>G]T,G[C>G]A,G[C>G]C,G[C>G]G,G[C>G]T,T[C>G]A,T[C>G]C,T[C>G]G,T[C>G]T,A[C>T]A,A[C>T]C,A[C>T]G,A[C>T]T,C[C>T]A,C[C>T]C,C[C>T]G,C[C>T]T,G[C>T]A,G[C>T]C,G[C>T]G,G[C>T]T,T[C>T]A,T[C>T]C,T[C>T]G,T[C>T]T,A[T>A]A,A[T>A]C,A[T>A]G,A[T>A]T,C[T>A]A,C[T>A]C,C[T>A]G,C[T>A]T,G[T>A]A,G[T>A]C,G[T>A]G,G[T>A]T,T[T>A]A,T[T>A]C,T[T>A]G,T[T>A]T,A[T>C]A,A[T>C]C,A[T>C]G,A[T>C]T,C[T>C]A,C[T>C]C,C[T>C]G,C[T>C]T,G[T>C]A,G[T>C]C,G[T>C]G,G[T>C]T,T[T>C]A,T[T>C]C,T[T>C]G,T[T>C]T,A[T>G]A,A[T>G]C,A[T>G]G,A[T>G]T,C[T>G]A,C[T>G]C,C[T>G]G,C[T>G]T,G[T>G]A,G[T>G]C,G[T>G]G,G[T>G]T,T[T>G]A,T[T>G]C,T[T>G]G,T[T>G]T
SBS1,0.0008861572308774694,0.002280404612190328,0.0001770314106831899,0.0012802271507033492,0.0003120553679839398,0.001790317656061709,0.00009321653941058733,2.2303957391159885e-16,0.001580280389149439,0.00033906015944407976,0.0005871041698928595,2.2303957391159885e-16,0.00006581167696584385,0.0025304489775620784,2.2303957391159885e-16,0.000005881043473543486,0.0018603300783657988,0.0012202165030141291,0.00011502040807099992,0.001140202306095169,0.000024104276821836383,0.00007681362904220065,0.0003520624664434198,2.2303957391159885e-16,0.000009591701855660213,0.0001640291036838599,0.0001660294586068399,2.2303957391159885e-16,2.2303957391159885e-16,0.00020303602468184985,0.00006941231582719696,0.0015602768399196989,0.02500443653717468,0.006321121556597766,0.3650647734427508,0.009581700081045343,0.0020003549229739787,0.0002700479146014798,0.19603478245144987,0.00019603478245144986,0.0044407879290022274,0.00009281646842599253,0.21803868660416387,0.00003840681452110037,0.0011101969822505592,0.00003730661931346467,0.11001952076356893,2.2303957391159885e-16,0.0008001419691895895,0.0022303957391159885,0.001140202306095169,0.00018303247545210988,0.00004300763084394047,0.0003930697423643797,0.0003240574975217798,0.0002600461399866098,0.00008121440987274345,0.00012902289253181992,0.00024604365552578983,0.00025804578506363984,0.006721192541192556,2.2303957391159885e-16,0.00002800496892163568,0.0022503992883457185,0.0010901934330208194,0.0030405394829204476,0.00010601881091761993,0.005741018628935317,2.2303957391159885e-16,0.0025004436537174684,0.0003600638861353098,0.00004260755985934567,0.0010501863345613394,0.0019003371768252788,0.001170207629939779,0.00007131265300402224,0.00025504525267917985,0.003390601594440888,0.00041607382397857974,0.004330768408238658,0.0001720305233757599,0.00020703673452779987,0.00026804755967850985,0.00011201987568653992,0.00003550629988278808,0.00021203762183523987,0.00012802271507032992,0.00017103034591426988,2.2303957391159885e-16,2.2303957391159885e-16,0.0003480617565974698,0.00001460259093770999,2.2303957391159885e-16,0.00005510977812793306,0.0005831034600469096,2.2303957391159885e-16
SBS2,5.800167514637971e-7,0.00014800427451145003,0.00005230151051992511,0.00009780282464337821,0.00020800600742150002,0.00009530275243879281,2.2300644064901204e-16,0.00042101215925217006,0.00008620248961410222,2.2300644064901204e-16,0.000013900401457494402,0.000051201478749907603,0.0006390184554920101,0.00017000490991180003,0.00008530246362045151,0.00044001270800701005,2.2300644064901204e-16,0.00013300384128394003,0.000015200439003878802,0.00009120263402327291,2.2300644064901204e-16,0.00035101013752378003,0.00004870140654532231,0.00006360183688465082,0.00006540188887195231,0.00026100753815870006,2.2300644064901204e-16,0.00013400387016577003,2.2300644064901204e-16,0.00009870285063702892,0.000041201189931566305,0.0011800340805642802,0.00006110176468006551,0.0013800398569311003,0.00003270094443597611,0.0018600537202114902,0.004320124769523451,0.00017000490991180003,0.0027700800026805505,0.0014500418786594902,2.2300644064901204e-16,1.2900372575660304e-7,2.2300644064901204e-16,0.000050401455644440304,0.5360154806630951,0.09730281020246112,0.04420127657706871,0.30000866455024006,0.00009590276976789331,0.0008780253582503601,0.000025500736486770404,2.2300644064901204e-16,0.00024300701828569002,0.00024400704716752002,0.00014900430339328003,2.2300644064901204e-16,2.2300644064901204e-16,0.00013100378352027002,0.00006380184266101771,0.00006280181377918351,0.00042201218813400006,0.00019200554531215004,0.000050101446979890004,0.00020500592077599003,0.00006170178200916601,0.000021500620959433904,0.000013200381240210602,0.00015500447668429003,0.00030200872231390003,0.000028500823132272803,2.2300644064901204e-16,0.00018600537202114001,2.2300644064901204e-16,0.000027400791362255204,0.00010700309035625001,0.000012500361022926702,2.2300644064901204e-16,0.00004350125635978481,0.00011700337917459002,0.00003580103396966201,0.00023800687387652003,0.00007460215458482632,0.0000020500592077599703,0.0000037601085956963404,0.00015300441892062002,0.00015500447668429003,0.00012100349470193001,0.00020300586301232003,0.00020900603630333002,0.00013300384128394003,0.00003710107151604631,2.2300644064901204e-16,0.000016700482326630004,0.00007040203328112291,0.00009540275532697632,2.2300644064901204e-16
SBS4,0.042196497690691705,0.03329723632938471,0.015598705307459501,0.029497551703208603,0.08069330245589611,0.07969338544900771,0.024497966668766503,0.06899427347530161,0.03159737741767431,0.03479711183971731,0.015298730205393001,0.021198240546034704,0.039796696874159404,0.046896107623067305,0.010899095375083902,0.04129657238449211,0.006889428177461271,0.0028397642995631406,0.0012798937688171903,0.0035497053744539203,0.007829350163936391,0.006869429837323501,0.0033997178234206602,0.006819433986979081,0.005289560966439791,0.005749522789608461,0.0032997261227318106,0.0030397477009408203,0.0035797028846605706,0.005949506190986151,0.0018298481226058203,0.0033797194832828905,0.008699277959929332,0.004179653088793631,0.0007829350163936301,0.004249647279275821,0.012698945987483001,0.011499045579216901,0.0033097252928007003,0.015998672110214905,0.004089660558173671,0.004459629850722391,0.00048195999732022007,0.0038096837962449106,0.0037396896057627204,0.006989419878150111,0.0002809766789356401,0.0072194007897344505,0.009419218204888991,0.0035297070343161506,0.012398970885416501,0.0042096505990002805,0.014398804899193401,0.012198987484038802,0.032497302723873904,0.011799020681283502,0.009219234803511311,0.0035997012247983404,0.013098912790238402,0.005519541878024121,0.008879263021169242,0.0043096422996891206,0.009539208245715601,0.005619533578712971,0.007949340204763001,0.0007149406599252201,0.004999585034442141,0.0015598705307459503,0.005179570095682061,0.0023598041362566905,0.005499543537886361,0.0025597875376343806,0.0028997593199764403,0.0011799020681283502,0.0023698033063255706,0.0007549373402007602,0.0024097999866011105,0.0005029582544648701,0.0017398555919858703,0.0006359472163810401,0.0010499128572328503,0.00015898680409526003,0.0014198821497815703,0.00021598207348790002,0.0008699277959929301,0.00044096340003779006,0.0037896854561071404,0.0011999004082661102,0.0005979503701192801,0.00025297900274277006,0.0024297983267388803,0.00025197908573588003,0.0003769687115969301,0.00017398555919858003,0.0023198074559811505,0.0005679528599126201
SBS5,0.011997600479904013,0.009438112377524508,0.001849630073985202,0.006608678264347137,0.0074285142971405775,0.006138772245550896,0.0034593081383723335,0.006488702259548096,0.01019796040791841,0.007648470305938818,0.002339532093581282,0.006818636272745457,0.007858428314337139,0.009168166366726658,0.002299540091981602,0.012697460507898412,0.01009798040391921,0.005698860227954416,0.0017196560687862416,0.01009798040391921,0.006958608278344337,0.009068186362727458,0.0024895020995800827,0.009528094381123788,0.004679064187162575,0.0050789842031593755,0.0015096980603879215,0.006718656268746257,0.007808438312337538,0.007598480303939218,0.0017096580683863217,0.012497500499900012,0.032593481303739236,0.017896420715856818,0.006178764247150576,0.02199560087982402,0.019396120775844822,0.018996200759848016,0.01749650069986002,0.023095380923815224,0.019396120775844822,0.02159568086382722,0.012297540491901612,0.018596280743851216,0.02029594081183762,0.022995400919816025,0.01589682063587282,0.020995800839832022,0.007378524295140978,0.006928614277144577,0.009118176364727058,0.0061987602479504165,0.0035392921415716935,0.005188962207558495,0.005008998200359935,0.004299140171965614,0.0036692661467706534,0.002909418116376723,0.004109178164367134,0.003219356128774253,0.006308738252349536,0.004139172165566894,0.004789042191561696,0.008748250349930018,0.046190761847630546,0.013397320535892814,0.038192361527694535,0.03829234153169374,0.013297340531893614,0.010397920415916811,0.020795840831833622,0.014897020595880816,0.014097180563887214,0.0079384123175365,0.014997000599880015,0.013697260547890415,0.017996400719856018,0.00970805838832235,0.012697460507898412,0.018496300739852017,0.003859228154369134,0.002599480103979203,0.0079384123175365,0.004829034193161375,0.0025894821035792825,0.004609078184363134,0.006128774245150976,0.007298540291941617,0.0025194961007798428,0.0017096580683863217,0.005298940211957615,0.002349530093981202,0.005218956208758255,0.006558688262347537,0.006938612277544497,0.013497300539892013
SBS13,0.0018199198507297708,0.0007209682485583303,0.0002639883739520101,0.00034798467475492014,0.0013999383467152107,0.0009679573711573704,0.000004329809315197751,2.219902235505541e-16,0.0009489582078805205,0.0004509801388346802,0.0001639927777580601,0.00006149729165927523,0.07899652099321534,0.029398705281019413,0.012099467139467206,0.03549843664884991,0.0038698295727056116,0.0009509581198044005,0.0002639883739520101,0.003999823847757742,0.005609752946480233,0.0006479714633367504,0.00048797850942644024,0.006399718156412383,0.0014999339429091507,0.00047897890576898024,0.0002409893868274001,0.0026998810972364714,0.3169860399348012,0.06349720358315412,0.013799392274764207,0.36898374995565114,0.007179683806725143,2.219902235505541e-16,0.0003029866564676401,0.00031798599589674014,0.00001929915006543111,0.0013499405486182407,0.001989912364259471,0.0014499361448121807,0.007179683806725143,0.0009209594409462105,0.00017799216122521008,0.0012699440716630807,0.006929694816240284,0.0044798027094886715,0.0011899475947079305,0.0014199374659540007,2.219902235505541e-16,0.00006519712871845113,0.0005899740175442603,0.0006059733129352902,0.00020899079604534007,0.00034198493898328017,0.0002259900473983101,0.0005229769680943202,0.000006699704944994213,0.00012999427505212005,0.00004699793021115342,0.00035798423437431015,0.0002959869647340701,0.0002319897831699401,0.0001879917208446101,0.00006199726964024493,0.0019099158873043208,0.00014199374659540007,0.0004279811517100702,0.0009589577674999104,0.00004739791259592922,0.00012199462735661006,2.219902235505541e-16,0.00011199506773721005,0.0002869873610766101,0.00018199198507297008,0.00019499141257819008,2.219902235505541e-16,0.00002209902675886151,0.00002489890345229191,0.00009979560500155554,0.0005309766157898402,0.00006139729606308133,2.219902235505541e-16,0.00008249636686000334,0.00031998590782061014,0.00004139817682429262,0.000002819875812669201,2.219902235505541e-16,0.00005549755588763863,0.00008769613786208844,2.219902235505541e-16,0.00042598123978619017,0.000002889872730004961,0.00018399189699685008,2.219902235505541e-16,0.000036698383803177214,0.000018899167680655307
SBS17a,0.002070261391203251,0.0009181159213162205,0.00004760601073491533,0.00006180780385331455,0.00029503725140336015,0.0011601464800945805,2.2202803325947913e-16,0.00013701729980427008,0.001780224771179611,0.0012801616332078106,0.00010601338525002005,0.000047005934969349224,0.0001900239924292801,0.000025903270546939214,2.2202803325947913e-16,0.00028803636747175016,0.0010101275387030407,0.0005690718510119004,0.0001520191939434201,0.00001960247500849461,0.0005530698305968103,0.00023502967484674014,0.00023202929601891015,0.00003900492476180042,0.0008781108702784804,0.0008351054404129004,0.000023702992739863315,0.0007870993791676105,0.0037504735347885024,0.0007230912975072204,0.0003800479848585602,0.00028303573609203016,0.0012201540566511907,0.0017102159318635609,0.00003950498789977222,0.0007370930653704304,0.0008211036725496904,0.001720217194622991,0.001900239924292841,0.001740219720141861,0.0016402070925475008,2.2202803325947913e-16,0.001610203304269201,0.00006600833421227764,0.0005320671788019904,0.00009061144060049026,0.0001770223508420101,0.0003480439440283702,0.0010101275387030407,0.0009971258971157605,0.00020002525518872011,0.0014601843628776609,0.0004340548037595202,0.04050511417571582,0.012401565821700607,0.07230912975072235,0.00006460815742595664,0.0034004293382082417,0.0006950877617808004,0.0048006061245292825,0.00011901502683728006,0.005700719772878523,0.001830231084976791,0.0019802500263683314,0.00009651218562855746,0.012701603704483706,0.0003760474797547902,0.007790983689600644,0.011101401662974008,0.17302184573824309,0.08731102388987634,0.4260537935519732,0.00012301553194106008,0.01490188151155961,0.003570450805118652,0.0052406616859444624,0.002090263916722121,0.015301932021937109,0.002350296748467461,0.02100265179481561,0.0008511074608280005,0.0007000883931605204,0.0007190907924034404,0.012501578449295007,0.00031003914554251014,0.0010401313269813406,0.000001940244975330581,0.005310670525260513,0.0004950625065920803,0.0002040257602924901,0.0008351054404129004,0.007240914237831664,2.2202803325947913e-16,0.00011601464800945007,0.0009201161738681106,0.0045805783438216926
SBS17b,0.0006079583062193495,0.00012899115378666988,0.00005819600891770824,0.0004559687296645096,0.0002709814160944798,0.000041097181555288866,2.229847077087448e-16,0.00018198751929591984,0.0009979315618534792,0.0000027798093606740376,0.00009239366364254712,0.0005339633807913396,0.000012399149666315888,2.229847077087448e-16,0.00009509347848924492,0.002569823761486428,0.00014598998800661986,0.000043397023832105456,2.229847077087448e-16,0.00031897812448021973,0.00019398669639235984,0.00004659680439115476,2.229847077087448e-16,0.00019298676496764982,0.00005989589233970315,0.000055496194071010454,2.229847077087448e-16,2.229847077087448e-16,0.00015998902795245988,0.00006179576204663864,0.000015498937082894787,0.0014998971370543386,0.0005709608435053495,0.00007029517915661323,0.0002869803188897297,0.00014698991943131985,0.00045696866108921964,0.000058895960915000244,0.0005429627636136696,0.0001359906737595899,0.00006109581004934665,0.00015698923367834987,0.0008549413681209693,2.229847077087448e-16,0.0001079925938679099,0.0006039585805205394,0.00006239572090146034,0.0008949386251090793,0.00006259570718640094,0.00028898018173912976,0.00006569549460297995,0.0006329565918369295,0.00009359358135219061,0.002239846391334478,0.0007169508315119694,0.007789465798435523,0.00009729332762359132,0.0003469762043718997,0.00024098347335338978,0.0015798916510305688,0.001189918395396439,0.0002419834047780998,2.229847077087448e-16,0.001309910166360789,0.00009729332762359132,0.00025198271902511976,2.229847077087448e-16,0.0005439626950383696,0.0006469556317827695,0.006459557003580674,0.003919731184835336,0.01829874507206288,0.000059495919769822045,0.0014998971370543386,0.001009930738949919,0.0014698991943132486,0.001059927310185069,0.0010999245671731788,0.001209917023890499,0.000999931424702889,0.0014099033088310787,0.004479692782668956,0.000989932110455859,0.06909526144696974,0.002049859420640928,0.031397846735670774,0.013699060518429588,0.5499622835865906,0.0002809807303415097,0.006249571404393065,0.0014798985085602786,0.1139921824161299,0.000012199163381375289,0.008749399966150304,0.004779672210079816,0.12199163381375289
SBS18,0.051533857744538225,0.01581038742453791,0.0024315975595966513,0.02141406904336151,0.07404864996302574,0.01961288566588251,0.012007889183193407,0.03632386477915992,0.10907166008067305,0.01731137357243711,0.007564970185411825,0.06234095800941224,0.07384851847663924,0.04362866403226922,0.012708349385546307,0.12208020669579907,0.001731137357243711,0.0025917027487059015,0.0019212622693109411,0.004082682322285742,0.0006134030057747904,0.0022614857961680813,0.0035823536063193523,0.003792491667025242,0.0006354174692773104,0.0013408809587899307,0.0006394200990050403,0.0012308086412773206,0.0021414069043361513,0.0046430504841681024,0.0008995910313075605,0.0031820906335462418,0.009206048373781575,0.004653057058487432,0.012208020669579907,0.007975239732504266,0.011707691953613507,0.006764444239865593,0.01681104485647071,0.0066543719223529935,0.009686363941109315,0.008175371218890816,0.014809729992605108,0.006694398219630303,0.011407494724033707,0.011407494724033707,0.011807757696806807,0.0037524653697479224,0.0024916370055126213,0.0008785772252369804,0.0026017093230252314,0.007845154266352995,0.0005423563281075603,0.003062011741714312,0.0032121103565042218,0.0022614857961680813,0.001601051891092451,0.0019512819922689211,0.0018312031004369912,0.003462274714487422,0.010807100264874005,0.002731794789176491,0.0017911768031596811,0.007104667766722745,0.0020213280125042214,0.002091374032739511,0.0020813674584201814,0.004242787511394993,0.00038625376872605024,0.0024616172825546413,0.0016210650397311009,0.002561683025747921,0.0007084654618084005,0.0022614857961680813,0.003982616579092463,0.0031520709105882618,0.001801183377479001,0.006184062929344584,0.003262143228100862,0.0033722155456134715,0.0007214740084235305,0.0008585640765983204,0.0019913082895462314,0.001841209674756311,0.00011107297494453007,0.0019913082895462314,0.0029319262755630416,0.0041427217682017126,0.0008705719657815104,0.00003702432498151292,0.005833832828168114,0.0021414069043361513,0.0006964575726252104,0.0021013806070588415,0.0014509532763025308,0.0051633923487731425
SBS40,0.028203751098896206,0.013401782437064103,0.0029203884116587504,0.014801968661832003,0.020802766767980103,0.014701955360062904,0.0025403378649360405,0.014701955360062904,0.014201888851217204,0.010201356780451802,0.0025503391951129505,0.010801436591066601,0.026003458459975207,0.021002793371518405,0.003170421666081591,0.024103205726361605,0.012201622815834503,0.008681154593560942,0.0022502992898055406,0.014601942058293804,0.007561005613746632,0.009351243715414152,0.0016802234697214705,0.013901848945909803,0.0050606730695182504,0.0053707143050025705,0.0011901582910527101,0.006980928463485641,0.012501662721141903,0.014101875549448103,0.0017402314507829505,0.023703152519285106,0.019702620448519705,0.012101609514065404,0.0002670355157235901,0.016902247998983905,0.019602607146750505,0.017302301206060404,0.0023603139217515906,0.021602873182133202,0.014301902152986304,0.011601543005219702,3.930522759527021e-18,0.012701689324680203,0.030003990530740605,0.023103072708670302,0.0021202819975056704,0.022402979596286305,0.0061008114079172514,0.004440590598549611,0.0069309218126010815,0.010701423289297502,0.0010901449892835701,0.007621013594808112,0.003460460241212081,0.009281234404175762,0.0026503524968820905,0.003430456250681341,0.004410586608018871,0.0057707675120791104,0.007130948416139352,0.010301370082220901,0.005020667748810591,0.021002793371518405,0.018702487430828304,0.0073409763498545316,0.015502061774216003,0.019402580543212204,0.010901449892835702,0.009871312884613662,0.010501396685759203,0.013601809040602403,0.0060107994363250315,0.0045806092210264006,0.005650751549956141,0.007310972359323792,0.010201356780451802,0.007551004283569722,0.0060107994363250315,0.010201356780451802,0.007230961717908482,0.007050937774724042,0.008061072122592312,0.018002394318444404,0.003350445609266031,0.005670754210309971,0.005590743568894661,0.013101742531756704,0.0024903312140514703,0.0022402979596286305,0.0044505919287265204,0.0054807289369486105,0.008461125329668851,0.011401516401681402,0.008661151933207122,0.025003325442283807
