sample,A[C>A]A,A[C>A]C,A[C>A]G,A[C>A]T,C[C>A]A,C[C>A]C,C[C>A]G,C[C>A]T,G[C>A]A,G[C>A]C,G[C>A]G,G[C>A]T,T[C>A]A,T[C>A]C,T[C>A]G,T[C>A]T,A[C>G]A,A[C>G]C,A[C>G]G,A[C>G]T,C[C>G]A,C[C>G]C,C[C>G]G,C[C>G]T,G[C>G]A,G[C>G]C,G[C>G]G,G[C>G]T,T[C>G]A,T[C>G]C,T[C>G]G,T[C>G]T,A[C>T]A,A[C>T]C,A[C>T]G,A[C>T]T,C[C>T]A,C[C>T]C,C[C>T]G,C[C>T]T,G[C>T]A,G[C>T]C,G[C>T]G,G[C>T]T,T[C>T]A,T[C>T]C,T[C>T]G,T[C>T]T,A[T>A]A,A[T>A]C,A[T>A]G,A[T>A]T,C[T>A]A,C[T>A]C,C[T>A]G,C[T>A]T,G[T>A]A,G[T>A]C,G[T>A]G,G[T>A]T,T[T>A]A,T[T>A]C,T[T>A]G,T[T>A]T,A[T>C]A,A[T>C]C,A[T>C]G,A[T>C]T,C[T>C]A,C[T>C]C,C[T>C]G,C[T>C]T,G[T>C]A,G[T>C]C,G[T>C]G,G[T>C]T,T[T>C]A,T[T>C]C,T[T>C]G,T[T>C]T,A[T>G]A,A[T>G]C,A[T>G]G,A[T>G]T,C[T>G]A,C[T>G]C,C[T>G]G,C[T>G]T,G[T>G]A,G[T>G]C,G[T>G]G,G[T>G]T,T[T>G]A,T[T>G]C,T[T>G]G,T[T>G]T
SP53810,7613,4836,2189,5171,12462,12159,3389,12153,5998,5459,2023,4094,7185,7722,1390,8582,1375,596,334,888,1327,1270,540,1262,985,905,441,705,1429,1225,319,1722,1999,1046,567,1070,2270,1951,582,2778,1149,1005,428,964,1576,1494,302,2001,1960,735,2200,1160,2657,2241,5929,2367,1759,687,2352,1052,2008,970,2047,1325,1848,294,1190,821,1099,469,880,627,795,330,526,418,710,298,403,433,257,58,431,140,199,134,664,177,129,68,535,122,215,97,561,277
SP55142,5359,2946,1099,3604,6239,5185,1285,5334,3401,2621,940,2374,4776,4052,659,5062,1656,709,304,1197,1146,857,357,1270,823,799,272,759,6218,2253,415,6956,2238,932,734,1509,2742,1846,676,2917,1399,941,581,1186,8100,2933,892,5392,1353,517,1268,1008,1509,1118,2462,1365,1103,393,1230,708,1282,590,1018,1020,2905,512,1785,1306,1480,623,1071,1021,1328,437,850,834,1311,515,695,938,333,143,333,357,223,213,522,719,173,95,364,317,381,190,455,725
SP55235,4108,2395,959,2832,5497,4560,1251,4676,2889,2318,811,2046,3464,3404,597,3852,1357,597,250,884,1060,808,315,909,790,633,280,635,1627,1074,242,2082,1535,763,530,978,2113,1553,616,2197,953,701,420,819,3310,1817,566,2673,983,392,1033,737,1359,1052,2507,1278,866,363,1148,585,1018,481,864,803,1985,340,1266,952,1086,549,951,957,864,245,592,533,878,341,469,668,229,83,240,311,200,187,415,904,142,68,313,322,256,161,426,655
SP54113,4138,2107,986,2531,5016,3943,1086,3637,2836,2312,908,2021,3529,3189,577,3436,1373,520,232,885,982,688,319,920,867,598,276,574,2593,1166,261,3049,1711,696,417,1074,1721,1321,491,2300,1170,819,400,972,3787,1633,483,2805,972,338,953,632,1172,787,1916,1091,777,297,974,556,943,370,804,842,2082,334,1484,1075,1146,426,1031,832,1031,238,718,659,1038,304,591,648,249,63,189,192,186,154,396,664,132,59,210,189,286,125,340,477
SP55509,3216,1802,792,2217,3867,3260,875,3185,2104,1607,646,1389,2598,2461,470,2728,733,295,116,426,491,401,164,469,391,339,160,336,1048,577,135,1180,914,395,275,481,983,713,278,1119,460,419,265,424,1367,791,218,1159,604,232,647,414,635,443,1217,551,461,214,573,309,551,244,514,425,1121,126,669,487,443,178,376,275,432,139,274,257,448,133,250,283,105,32,103,71,69,62,177,125,53,31,118,57,93,54,161,160
SP53618,2938,1632,793,1936,3617,3261,896,3060,2016,1752,667,1382,2371,2437,443,2574,687,249,109,392,490,419,182,442,354,385,146,264,595,433,93,768,793,422,325,471,963,752,280,1111,427,359,209,428,926,721,178,921,570,232,586,358,628,458,1234,576,436,183,537,284,479,238,429,386,933,171,600,443,449,207,332,273,338,113,253,228,367,137,225,214,104,21,117,54,49,57,186,101,45,24,130,56,96,49,144,123
SP53460,2412,1285,454,1807,3015,2357,630,2419,1543,1268,444,1084,2010,1911,299,2211,579,239,87,393,355,304,115,331,358,271,104,281,642,454,89,912,724,314,243,494,842,669,241,950,440,316,193,366,1127,698,167,1013,652,227,536,392,664,472,1072,685,438,162,492,281,670,239,402,523,781,132,403,376,351,191,258,276,326,133,170,249,347,146,161,245,130,51,104,73,87,46,139,141,66,36,114,60,114,72,200,189
SP50611,2479,1439,650,1736,2989,2805,742,2682,1841,1453,539,1249,1873,1979,355,2114,708,277,135,477,519,389,159,432,405,338,158,337,656,524,97,825,620,339,313,430,872,684,273,1039,354,358,285,408,757,653,146,898,410,214,535,317,541,433,1088,472,369,159,527,237,412,191,328,301,654,96,451,292,303,148,313,198,253,102,201,173,306,123,148,179,94,18,67,58,65,40,162,76,36,22,90,39,82,39,140,112
SP56079,1774,1143,516,1294,2565,2474,633,2155,1397,1256,448,1016,1514,1675,322,1654,520,246,92,330,395,364,163,419,353,297,105,278,577,478,105,873,619,328,250,349,896,692,289,942,412,357,202,354,895,783,196,930,367,180,488,252,517,443,1115,527,328,148,493,228,388,219,392,321,618,126,450,333,326,187,321,305,274,94,223,194,290,132,181,192,84,36,104,85,66,61,162,343,45,30,126,86,89,51,147,167
SP54745,634,375,129,400,746,571,143,568,460,349,143,329,879,559,104,793,199,105,34,176,144,106,46,161,88,108,44,112,2402,527,157,2642,411,194,230,222,543,345,238,383,302,243,202,255,5333,1260,695,2940,215,139,181,293,192,299,349,595,125,127,151,194,207,145,156,352,367,146,236,302,247,680,510,1765,205,179,169,282,237,295,169,398,91,119,94,1077,86,310,229,3897,38,89,105,1079,122,212,141,2095
SP54363,1690,875,360,1134,1822,1507,394,1668,1056,818,272,790,1462,1287,217,1680,361,153,63,304,291,202,75,277,197,188,73,173,1511,490,91,1654,563,233,262,324,631,475,232,638,363,275,222,280,2930,832,323,1755,361,135,354,294,356,268,663,352,230,105,313,180,325,163,266,308,549,114,368,299,236,144,229,211,251,82,172,188,254,113,129,204,65,28,69,67,54,50,140,138,40,26,97,45,79,41,103,144
SP53387,1263,722,232,898,1519,1296,334,1229,865,731,199,647,1157,1039,178,1224,296,138,49,258,236,182,71,217,149,186,54,174,1388,484,124,1545,576,247,235,275,811,444,206,632,399,272,243,269,5198,1374,477,2962,340,161,309,262,327,285,564,327,207,116,270,168,317,138,216,279,417,92,307,283,212,126,185,189,208,106,140,160,217,106,116,196,112,33,85,74,67,53,89,87,37,25,94,56,111,58,123,166
SP50827,1709,1052,424,1163,2056,1847,508,1785,1259,996,376,849,1517,1370,236,1601,413,174,69,298,274,237,97,262,228,174,93,171,511,345,88,675,562,245,303,316,717,470,249,685,338,285,219,275,1066,595,206,808,399,164,384,265,389,300,735,353,288,143,353,182,336,199,304,277,603,100,390,327,245,129,210,212,220,75,155,177,262,121,134,217,123,38,77,77,53,45,127,142,39,19,87,59,84,34,131,180
SP52779,1618,867,432,1065,1957,1659,484,1675,1143,925,338,754,1385,1405,227,1580,305,169,50,228,286,201,93,247,206,184,82,146,665,329,72,948,527,231,269,298,616,432,248,644,294,229,243,297,1330,567,227,990,383,161,371,245,450,298,692,349,264,114,326,176,336,147,282,269,592,97,360,290,250,125,230,167,240,85,152,150,230,87,119,167,85,25,76,41,55,48,110,48,38,23,79,35,94,39,128,100
SP52667,1297,846,357,902,1726,1843,494,1647,1112,979,373,754,1031,1139,219,1206,309,154,91,205,303,289,113,281,202,187,73,205,307,283,57,447,446,214,166,291,607,486,184,682,274,271,149,265,458,380,119,556,264,171,353,223,372,319,726,342,230,126,349,217,240,144,266,218,388,100,268,217,210,154,216,180,191,78,136,130,173,85,100,128,58,21,86,63,52,57,142,93,33,22,125,67,63,36,128,118
SP56168,298,179,42,180,271,193,38,227,280,124,36,188,910,438,76,650,141,93,16,149,130,90,19,173,69,78,13,98,3217,759,129,3541,363,175,263,218,484,253,212,355,346,230,216,223,6519,1450,762,3478,132,103,101,164,97,73,122,106,54,45,61,75,139,73,71,129,267,87,156,237,106,113,108,126,135,86,110,129,127,87,87,138,67,33,45,72,34,47,58,141,16,19,47,70,76,44,67,166
SP52232,1009,606,275,656,1316,1262,342,1057,775,696,277,492,779,896,151,873,320,141,61,224,238,200,74,215,185,165,73,132,280,234,44,381,339,170,196,231,470,432,204,570,214,192,165,198,379,368,100,458,210,119,281,150,276,236,618,251,208,91,269,143,201,108,201,140,366,67,273,196,167,97,224,160,171,59,145,125,186,65,126,136,63,18,63,39,30,29,78,59,16,15,76,35,36,30,79,90
SP51824,598,364,156,400,770,668,205,633,492,367,155,350,610,553,114,656,201,92,30,161,145,120,63,182,125,137,45,115,747,304,62,924,327,166,304,239,406,337,264,454,262,251,243,233,1321,583,238,926,233,111,249,221,221,171,398,216,173,74,244,150,217,87,187,171,499,98,346,293,191,103,233,148,211,96,156,164,233,79,159,164,82,43,50,52,45,25,69,73,43,25,54,49,69,37,80,109
SP53073,717,443,173,447,899,761,229,724,528,406,150,305,648,625,117,680,162,94,34,141,132,114,45,143,97,84,29,73,188,143,32,277,299,153,173,196,381,298,182,358,235,168,122,155,385,302,106,363,235,94,234,181,275,253,532,369,195,95,238,157,253,120,212,230,503,111,336,282,276,213,284,458,222,83,156,185,252,94,131,211,58,29,64,148,51,99,90,1019,27,38,51,227,46,46,86,316
SP55387,963,494,196,639,1202,851,229,917,587,442,164,378,781,643,123,808,260,95,37,174,97,86,42,131,117,113,42,103,196,172,30,266,280,145,118,190,352,237,104,377,170,125,69,181,306,227,59,344,209,93,177,148,260,157,443,211,161,63,208,118,203,94,161,172,391,61,141,195,196,78,115,129,167,46,80,92,209,57,61,112,41,15,39,33,29,14,45,44,26,12,45,27,39,29,70,80
SP50317,328,175,35,218,233,177,39,236,371,120,31,233,623,335,55,573,113,75,13,92,81,53,13,91,40,34,8,58,1443,351,93,1709,208,90,234,158,172,109,148,170,136,107,173,104,1543,356,236,800,113,60,88,141,74,81,97,113,53,44,48,60,128,52,38,148,195,62,114,147,65,72,53,83,81,47,52,79,113,92,39,111,25,14,42,49,29,17,41,73,14,14,38,60,39,30,48,87
SP56303,546,277,38,294,466,235,58,287,654,181,54,408,624,405,74,817,123,72,18,165,78,86,30,157,62,66,15,75,270,171,21,463,238,168,368,195,220,171,233,226,208,212,271,178,462,293,181,346,109,93,134,148,87,121,127,138,50,62,65,90,133,88,68,174,183,76,131,219,88,119,92,121,112,62,77,114,93,72,72,123,44,32,70,81,27,37,64,113,40,30,64,81,50,46,60,176
SP50713,341,228,92,207,410,409,113,344,243,217,95,170,298,322,61,299,90,45,20,73,76,78,29,89,58,66,25,60,915,272,44,1014,192,88,116,84,249,178,99,214,144,108,79,127,1183,411,182,690,87,53,132,74,129,97,199,90,99,53,121,66,81,50,80,79,196,39,145,108,71,43,64,32,98,35,64,83,95,41,57,67,31,10,18,22,15,14,27,21,11,6,33,22,28,30,39,51
SP50321,550,340,144,376,662,537,140,556,401,269,104,254,438,499,98,480,99,54,18,85,76,74,30,79,74,60,22,56,131,91,26,164,210,88,135,138,214,183,100,230,127,112,107,121,232,163,58,200,121,64,154,100,127,96,241,109,84,44,115,66,115,53,77,96,177,33,122,145,83,33,68,55,70,35,65,67,77,32,41,69,28,3,26,18,20,21,48,53,19,8,29,21,28,19,36,53
SP50263,215,132,38,129,141,126,26,121,156,107,27,120,177,186,28,294,106,67,30,97,62,57,26,86,37,37,14,66,243,152,20,355,198,116,450,133,189,121,296,147,161,148,379,136,367,229,210,255,64,63,75,134,67,53,63,59,36,40,49,53,94,50,41,69,182,81,116,174,87,78,76,108,106,68,80,116,113,85,44,109,35,15,46,60,21,35,42,81,14,13,31,45,36,36,44,113
SP53548,74,37,8,41,54,30,4,48,49,24,8,36,82,58,13,122,22,18,1,20,10,14,2,26,6,6,2,8,36,22,0,58,163,75,154,56,138,85,73,84,130,105,103,61,205,153,56,139,23,39,24,73,14,104,60,107,13,24,29,37,43,44,21,123,111,61,70,83,124,328,226,434,50,56,74,58,107,178,92,198,35,93,31,551,47,153,101,1144,11,29,28,306,60,172,85,1495
SP55711,161,121,14,106,121,61,9,75,117,56,14,62,168,136,15,211,45,24,13,61,35,36,8,63,23,27,1,35,224,86,5,371,151,79,296,90,134,116,148,136,135,98,201,76,579,255,155,407,79,56,63,103,41,43,36,42,24,26,34,38,61,28,29,85,136,44,85,138,55,45,34,50,70,42,31,73,89,47,32,79,34,13,27,32,14,16,24,53,13,11,16,18,34,22,36,98
SP50518,137,93,9,92,105,72,13,81,87,68,11,59,109,113,20,154,53,32,16,49,46,47,17,54,32,22,2,31,107,60,11,165,126,50,265,101,108,92,170,126,107,101,211,96,249,178,134,204,53,39,31,84,24,30,44,44,19,22,27,34,45,31,25,61,113,37,86,109,45,45,48,54,45,46,40,83,68,56,36,77,21,18,31,31,15,15,31,53,12,8,22,26,21,30,28,69
SP51446,118,91,21,73,76,66,17,48,75,52,20,50,93,97,16,126,23,13,3,36,19,19,5,27,11,12,2,15,68,40,8,105,115,70,271,73,100,91,163,109,102,104,218,104,258,164,135,196,83,53,57,80,41,40,52,41,30,23,26,38,72,27,26,57,123,34,72,101,36,29,32,33,69,44,44,74,44,41,29,61,15,7,12,18,8,15,22,18,6,2,16,10,22,15,17,56
SP52284,114,74,12,59,48,53,14,61,113,49,8,65,125,119,20,154,32,32,4,42,15,22,6,35,14,23,5,31,102,56,4,128,113,63,150,67,98,100,129,79,128,96,166,77,198,175,86,185,42,59,42,70,20,32,24,24,12,22,16,19,55,30,22,36,101,33,59,102,40,50,35,39,52,38,37,66,49,50,33,69,19,8,15,29,11,15,20,26,10,7,17,18,24,20,12,55
SP50592,94,48,16,52,53,40,9,45,57,35,13,42,77,78,12,137,26,24,4,40,16,17,4,30,10,14,3,16,47,26,3,83,86,48,294,85,89,87,160,81,93,83,237,70,194,120,153,169,53,43,47,81,22,22,28,32,9,18,12,22,67,19,19,47,116,61,73,109,33,37,37,48,70,42,43,82,75,47,35,84,28,14,14,26,14,16,19,33,10,5,20,14,25,15,13,47
SP51037,59,57,13,42,35,31,4,33,39,24,6,24,69,64,11,97,35,11,5,26,12,6,4,22,6,15,8,11,52,40,5,114,67,38,319,56,72,34,207,57,66,52,239,63,132,102,133,126,40,30,41,75,20,13,23,43,10,14,13,19,45,20,12,35,91,23,50,96,47,30,22,37,49,25,33,54,50,37,23,70,14,15,13,20,12,7,9,59,5,12,14,22,20,19,21,66
SP52607,65,67,9,27,51,49,8,33,52,39,11,37,62,55,8,68,21,15,4,24,17,10,1,17,6,6,1,11,109,38,12,138,65,48,218,45,77,49,167,62,57,60,162,51,263,118,124,177,34,51,41,37,9,34,22,40,21,19,21,25,16,27,17,40,77,27,52,52,24,30,35,26,38,26,26,40,35,27,16,43,11,9,10,8,7,8,10,18,3,8,11,12,11,7,10,23
SP50485,42,30,9,21,33,13,5,25,27,21,3,20,31,37,7,44,12,4,1,16,8,7,7,16,4,5,3,11,11,13,1,36,55,30,158,38,50,40,95,48,35,35,109,38,78,74,71,65,23,21,23,26,16,10,14,14,5,5,7,11,18,11,5,16,63,20,37,66,21,16,6,19,23,16,12,23,36,23,12,26,13,5,8,8,6,6,10,15,3,1,5,7,7,5,11,26
SP50412,24,29,7,17,23,22,5,15,22,20,3,10,29,19,7,42,9,6,4,16,8,8,1,13,4,9,1,6,21,16,0,27,49,30,94,21,34,32,46,47,42,28,83,33,49,40,42,50,25,28,24,33,7,17,12,15,2,14,9,11,23,12,7,19,74,23,33,78,18,17,15,19,39,23,12,53,33,23,30,37,10,9,5,16,5,7,7,22,3,5,7,9,11,5,13,17
SP55309,39,20,5,23,22,12,1,12,17,12,6,11,17,20,2,14,11,9,3,13,3,7,3,11,4,5,2,7,13,10,1,31,41,17,148,20,45,26,88,33,31,31,112,37,67,34,67,60,13,28,12,17,5,12,9,13,3,3,10,7,21,3,7,15,41,8,16,43,24,10,9,11,18,17,10,27,22,12,8,12,5,6,9,6,1,4,7,9,1,3,11,7,11,3,12,14
SP50406,13,5,0,7,6,4,2,7,9,7,1,9,9,15,0,8,5,1,0,3,3,0,1,1,6,5,1,2,2,3,1,7,16,8,49,13,6,10,29,12,6,12,45,11,15,12,23,12,2,4,6,7,2,6,5,2,3,1,4,2,5,3,3,4,6,4,5,8,4,3,4,4,8,5,0,7,7,4,3,6,4,0,2,5,0,1,0,1,0,0,3,2,2,1,2,5
SP55004,15,5,2,8,4,6,3,9,9,4,0,8,13,8,2,10,2,1,0,4,1,4,1,4,4,1,1,2,5,2,0,8,17,7,31,6,12,8,27,11,10,14,18,9,6,14,23,13,7,4,2,12,2,3,5,4,2,2,5,3,4,0,0,3,22,5,6,12,5,7,4,7,6,3,7,11,6,5,3,7,2,0,0,0,0,0,2,2,1,0,6,2,1,1,2,3
