noisePercent,sample,cancerType,burdenTertile,toolA,toolB,exposurePearson,exposureCosine,exposureMAE,activeJaccard,activeCountDifference
0,SP.Syn.Bladder-TCC::S.1,SP.Syn.Bladder-TCC,high,deconstructsigs,sigminer,0.9998804033774582,0.9998851964906817,0.00017990283261028482,1,0
0,SP.Syn.Bladder-TCC::S.1,SP.Syn.Bladder-TCC,high,deconstructsigs,sigprofilerassignment,0.9998571040468701,0.9998628455494567,0.00019468030423619185,1,0
0,SP.Syn.Bladder-TCC::S.1,SP.Syn.Bladder-TCC,high,deconstructsigs,musical,0.9998556094268205,0.999861411257771,0.00019570662227210768,1,0
0,SP.Syn.Bladder-TCC::S.1,SP.Syn.Bladder-TCC,high,sigminer,sigprofilerassignment,0.9999984020445218,0.9999984671680325,0.000021408293703354086,1,0
0,SP.Syn.Bladder-TCC::S.1,SP.Syn.Bladder-TCC,high,sigminer,musical,0.999998305731036,0.9999983747674874,0.00002160819876094524,1,0
0,SP.Syn.Bladder-TCC::S.1,SP.Syn.Bladder-TCC,high,sigprofilerassignment,musical,0.9999999932686191,0.999999993541827,0.000001746476934458659,1,0
0,SP.Syn.Eso-AdenoCA::S.1,SP.Syn.Eso-AdenoCA,middle,deconstructsigs,sigminer,0.999973603282365,0.9999745785839208,0.00009150874062952595,1,0
0,SP.Syn.Eso-AdenoCA::S.1,SP.Syn.Eso-AdenoCA,middle,deconstructsigs,sigprofilerassignment,0.999938739303878,0.9999410066849783,0.0001391607428211146,1,0
0,SP.Syn.Eso-AdenoCA::S.1,SP.Syn.Eso-AdenoCA,middle,deconstructsigs,musical,0.9999376767302846,0.9999399812419016,0.0001403412700875864,1,0
0,SP.Syn.Eso-AdenoCA::S.1,SP.Syn.Eso-AdenoCA,middle,sigminer,sigprofilerassignment,0.9999927583676512,0.9999930273192658,0.00004765200219158867,1,0
0,SP.Syn.Eso-AdenoCA::S.1,SP.Syn.Eso-AdenoCA,middle,sigminer,musical,0.9999923984927782,0.999992679981754,0.00004883252945806045,1,0
0,SP.Syn.Eso-AdenoCA::S.1,SP.Syn.Eso-AdenoCA,middle,sigprofilerassignment,musical,0.9999999806698596,0.9999999814108876,0.000002976137042073534,1,0
0,SP.Syn.Breast-AdenoCA::S.1,SP.Syn.Breast-AdenoCA,low,deconstructsigs,sigminer,0.999985050305438,0.9999854256686695,0.00007933217833150919,1,0
0,SP.Syn.Breast-AdenoCA::S.1,SP.Syn.Breast-AdenoCA,low,deconstructsigs,sigprofilerassignment,0.9999182238198058,0.9999202804591701,0.0001847253895879664,1,0
0,SP.Syn.Breast-AdenoCA::S.1,SP.Syn.Breast-AdenoCA,low,deconstructsigs,musical,0.9999153712616674,0.999917502374487,0.00018775537148870122,1,0
0,SP.Syn.Breast-AdenoCA::S.1,SP.Syn.Breast-AdenoCA,low,sigminer,sigprofilerassignment,0.9999731153034292,0.9999737929095671,0.0001053932112564572,1,0
0,SP.Syn.Breast-AdenoCA::S.1,SP.Syn.Breast-AdenoCA,low,sigminer,musical,0.9999714851515675,0.9999722052309258,0.00010842319315719201,1,0
0,SP.Syn.Breast-AdenoCA::S.1,SP.Syn.Breast-AdenoCA,low,sigprofilerassignment,musical,0.9999999640588922,0.9999999650974161,0.000004609173826777083,1,0
0,SP.Syn.Lung-SCC::S.1,SP.Syn.Lung-SCC,high,deconstructsigs,sigminer,0.9999999991919504,0.9999999992040426,7.076225463565999e-7,1,0
0,SP.Syn.Lung-SCC::S.1,SP.Syn.Lung-SCC,high,deconstructsigs,sigprofilerassignment,0.9999999956239035,0.9999999957111806,0.0000014095735233397784,1,0
0,SP.Syn.Lung-SCC::S.1,SP.Syn.Lung-SCC,high,deconstructsigs,musical,0.9999999949061447,0.9999999950032102,0.0000015829673393696364,1,0
0,SP.Syn.Lung-SCC::S.1,SP.Syn.Lung-SCC,high,sigminer,sigprofilerassignment,0.9999999913121789,0.9999999914724055,0.0000021171960696963783,1,0
0,SP.Syn.Lung-SCC::S.1,SP.Syn.Lung-SCC,high,sigminer,musical,0.9999999902287355,0.9999999904033254,0.000002290589885726236,1,0
0,SP.Syn.Lung-SCC::S.1,SP.Syn.Lung-SCC,high,sigprofilerassignment,musical,0.9999999999520905,0.9999999999526443,1.7339381602985796e-7,1,0
0,SP.Syn.Kidney-RCC::S.1,SP.Syn.Kidney-RCC,low,deconstructsigs,sigminer,0.9999879391696717,0.9999880026726988,0.00010583614873868278,1,0
0,SP.Syn.Kidney-RCC::S.1,SP.Syn.Kidney-RCC,low,deconstructsigs,sigprofilerassignment,0.9999981355207875,0.9999981437882443,0.000041273140421876644,1,0
0,SP.Syn.Kidney-RCC::S.1,SP.Syn.Kidney-RCC,low,deconstructsigs,musical,0.9977320346561818,0.9977388295747536,0.001533641477971004,0.6666666666666666,1
0,SP.Syn.Kidney-RCC::S.1,SP.Syn.Kidney-RCC,low,sigminer,sigprofilerassignment,0.9999766000278257,0.9999767177488083,0.00014710928916055943,1,0
0,SP.Syn.Kidney-RCC::S.1,SP.Syn.Kidney-RCC,low,sigminer,musical,0.9980504935456348,0.9980559868985908,0.0014278053292323212,0.6666666666666666,1
0,SP.Syn.Kidney-RCC::S.1,SP.Syn.Kidney-RCC,low,sigprofilerassignment,musical,0.9976002200322489,0.997607505782663,0.0015749146183928807,0.6666666666666666,1
0,SP.Syn.Ovary-AdenoCA::S.1,SP.Syn.Ovary-AdenoCA,middle,deconstructsigs,sigminer,0.9896049989880793,0.9899173221469627,0.0025931319813919003,0.375,1
0,SP.Syn.Ovary-AdenoCA::S.1,SP.Syn.Ovary-AdenoCA,middle,deconstructsigs,sigprofilerassignment,0.9896062435792014,0.989918249519792,0.0025972088165214188,0.375,1
0,SP.Syn.Ovary-AdenoCA::S.1,SP.Syn.Ovary-AdenoCA,middle,deconstructsigs,musical,0.9970665709076646,0.9971308470582133,0.0017212645065299505,0.42857142857142855,2
0,SP.Syn.Ovary-AdenoCA::S.1,SP.Syn.Ovary-AdenoCA,middle,sigminer,sigprofilerassignment,0.9999975668337978,0.9999976412448042,0.000028703975595640135,1,0
0,SP.Syn.Ovary-AdenoCA::S.1,SP.Syn.Ovary-AdenoCA,middle,sigminer,musical,0.9917751842487441,0.9919561835005667,0.0019541509819864834,0.8,1
0,SP.Syn.Ovary-AdenoCA::S.1,SP.Syn.Ovary-AdenoCA,middle,sigprofilerassignment,musical,0.9918191333313676,0.9919979254024758,0.001958398030411124,0.8,1
0,SP.Syn.Bone-Osteosarc::S.1,SP.Syn.Bone-Osteosarc,middle,deconstructsigs,sigminer,0.9999989537425286,0.999998968305395,0.000028562287803455396,1,0
0,SP.Syn.Bone-Osteosarc::S.1,SP.Syn.Bone-Osteosarc,middle,deconstructsigs,sigprofilerassignment,0.9999986981514444,0.999998710684682,0.00003213939515054016,1,0
0,SP.Syn.Bone-Osteosarc::S.1,SP.Syn.Bone-Osteosarc,middle,deconstructsigs,musical,0.9992100370795399,0.9992121447875729,0.000839700892602869,0.8,1
0,SP.Syn.Bone-Osteosarc::S.1,SP.Syn.Bone-Osteosarc,middle,sigminer,sigprofilerassignment,0.9999953374874827,0.9999953923897121,0.00006070168295399556,1,0
0,SP.Syn.Bone-Osteosarc::S.1,SP.Syn.Bone-Osteosarc,middle,sigminer,musical,0.9992642866914583,0.999265904118674,0.0008165890314012111,0.8,1
0,SP.Syn.Bone-Osteosarc::S.1,SP.Syn.Bone-Osteosarc,middle,sigprofilerassignment,musical,0.9991453780914479,0.9991478971628067,0.0008682931767241727,0.8,1
0,SP.Syn.Cervix-AdenoCA::S.1,SP.Syn.Cervix-AdenoCA,low,deconstructsigs,sigminer,0.9999832188621343,0.9999835586736181,0.00008214107946413467,1,0
0,SP.Syn.Cervix-AdenoCA::S.1,SP.Syn.Cervix-AdenoCA,low,deconstructsigs,sigprofilerassignment,0.9999986857188439,0.9999987121799542,0.000023047070265047027,1,0
0,SP.Syn.Cervix-AdenoCA::S.1,SP.Syn.Cervix-AdenoCA,low,deconstructsigs,musical,0.999998523704479,0.9999985534252503,0.00002442716439505805,1,0
0,SP.Syn.Cervix-AdenoCA::S.1,SP.Syn.Cervix-AdenoCA,low,sigminer,sigprofilerassignment,0.9999725120669057,0.9999730679878077,0.0001051881497291817,1,0
0,SP.Syn.Cervix-AdenoCA::S.1,SP.Syn.Cervix-AdenoCA,low,sigminer,musical,0.9999717879557805,0.9999723584782312,0.00010656824385919271,1,0
0,SP.Syn.Cervix-AdenoCA::S.1,SP.Syn.Cervix-AdenoCA,low,sigprofilerassignment,musical,0.999999995292939,0.9999999953875813,0.0000013800941300110216,1,0
0,SP.Syn.Stomach-AdenoCA::S.1,SP.Syn.Stomach-AdenoCA,high,deconstructsigs,sigminer,0.9962453493407586,0.9963650241276978,0.0014907597161200295,0.4444444444444444,1
0,SP.Syn.Stomach-AdenoCA::S.1,SP.Syn.Stomach-AdenoCA,high,deconstructsigs,sigprofilerassignment,0.9961220981385248,0.9962455490825679,0.0015160211821398108,0.4444444444444444,1
0,SP.Syn.Stomach-AdenoCA::S.1,SP.Syn.Stomach-AdenoCA,high,deconstructsigs,musical,0.996123818093988,0.9962472209009474,0.001515154360241775,0.4444444444444444,1
0,SP.Syn.Stomach-AdenoCA::S.1,SP.Syn.Stomach-AdenoCA,high,sigminer,sigprofilerassignment,0.9999986061785917,0.9999986390921959,0.000025359924221864075,1,0
0,SP.Syn.Stomach-AdenoCA::S.1,SP.Syn.Stomach-AdenoCA,high,sigminer,musical,0.999998620423263,0.9999986537072267,0.00002525202114924115,1,0
0,SP.Syn.Stomach-AdenoCA::S.1,SP.Syn.Stomach-AdenoCA,high,sigprofilerassignment,musical,0.9999999978552393,0.9999999979113054,0.0000012486349831793418,1,0
5,SP.Syn.Bladder-TCC::S.1,SP.Syn.Bladder-TCC,high,deconstructsigs,sigminer,0.9806385510709319,0.9813336655845138,0.0029774506316255236,0.6153846153846154,5
5,SP.Syn.Bladder-TCC::S.1,SP.Syn.Bladder-TCC,high,deconstructsigs,sigprofilerassignment,0.9579122047896146,0.9594173031911409,0.004424396950151436,0.38461538461538464,8
5,SP.Syn.Bladder-TCC::S.1,SP.Syn.Bladder-TCC,high,deconstructsigs,musical,0.9578774476002349,0.9593838542610693,0.004425337876811204,0.38461538461538464,8
5,SP.Syn.Bladder-TCC::S.1,SP.Syn.Bladder-TCC,high,sigminer,sigprofilerassignment,0.9945435461719846,0.9947387660585791,0.0014565524086138026,0.625,3
5,SP.Syn.Bladder-TCC::S.1,SP.Syn.Bladder-TCC,high,sigminer,musical,0.9945310135703769,0.9947266827141055,0.0014577443786378025,0.625,3
5,SP.Syn.Bladder-TCC::S.1,SP.Syn.Bladder-TCC,high,sigprofilerassignment,musical,0.9999999894205047,0.9999999898179684,0.0000018811881215616712,1,0
5,SP.Syn.Eso-AdenoCA::S.1,SP.Syn.Eso-AdenoCA,middle,deconstructsigs,sigminer,0.9951006071213657,0.9952717875400022,0.0023790035230261955,0.35714285714285715,1
5,SP.Syn.Eso-AdenoCA::S.1,SP.Syn.Eso-AdenoCA,middle,deconstructsigs,sigprofilerassignment,0.9652360660739983,0.9665829914098744,0.0035809075840167928,0.36363636363636365,5
5,SP.Syn.Eso-AdenoCA::S.1,SP.Syn.Eso-AdenoCA,middle,deconstructsigs,musical,0.965237388683106,0.966584257181224,0.0035808622807051603,0.36363636363636365,5
5,SP.Syn.Eso-AdenoCA::S.1,SP.Syn.Eso-AdenoCA,middle,sigminer,sigprofilerassignment,0.9663762491483886,0.9676267544981668,0.0035809075840167928,0.4,4
5,SP.Syn.Eso-AdenoCA::S.1,SP.Syn.Eso-AdenoCA,middle,sigminer,musical,0.9663775522828306,0.9676280083118834,0.0035808622807051603,0.4,4
5,SP.Syn.Eso-AdenoCA::S.1,SP.Syn.Eso-AdenoCA,middle,sigprofilerassignment,musical,0.9999999900281363,0.9999999904170038,0.0000016550262301172384,1,0
5,SP.Syn.Breast-AdenoCA::S.1,SP.Syn.Breast-AdenoCA,low,deconstructsigs,sigminer,0.9999396697151156,0.9999416130321271,0.00014967663053763345,1,0
5,SP.Syn.Breast-AdenoCA::S.1,SP.Syn.Breast-AdenoCA,low,deconstructsigs,sigprofilerassignment,0.9994831384758855,0.9994961017052222,0.00047138501804037556,1,0
5,SP.Syn.Breast-AdenoCA::S.1,SP.Syn.Breast-AdenoCA,low,deconstructsigs,musical,0.9994799247129733,0.9994929661579015,0.00047389448679979154,1,0
5,SP.Syn.Breast-AdenoCA::S.1,SP.Syn.Breast-AdenoCA,low,sigminer,sigprofilerassignment,0.9990960842330926,0.9991205436875149,0.00058528449196348,1,0
5,SP.Syn.Breast-AdenoCA::S.1,SP.Syn.Breast-AdenoCA,low,sigminer,musical,0.9990921963299323,0.9991167515049548,0.000587793960722896,1,0
5,SP.Syn.Breast-AdenoCA::S.1,SP.Syn.Breast-AdenoCA,low,sigprofilerassignment,musical,0.9999999881120211,0.9999999884582418,0.0000025094687594159306,1,0
5,SP.Syn.Lung-SCC::S.1,SP.Syn.Lung-SCC,high,deconstructsigs,sigminer,0.9996289029128278,0.9996278236872025,0.0006919031316200699,0.6,-2
5,SP.Syn.Lung-SCC::S.1,SP.Syn.Lung-SCC,high,deconstructsigs,sigprofilerassignment,0.9999919696005467,0.9999921672169614,0.00005961208097038409,1,0
5,SP.Syn.Lung-SCC::S.1,SP.Syn.Lung-SCC,high,deconstructsigs,musical,0.9999943159183059,0.999994454904288,0.000048757914538834407,1,0
5,SP.Syn.Lung-SCC::S.1,SP.Syn.Lung-SCC,high,sigminer,sigprofilerassignment,0.9996216597001539,0.9996208409482579,0.0007159550527144093,0.6,2
5,SP.Syn.Lung-SCC::S.1,SP.Syn.Lung-SCC,high,sigminer,musical,0.9996232148471599,0.9996220782028572,0.0007176515295021752,0.6,2
5,SP.Syn.Lung-SCC::S.1,SP.Syn.Lung-SCC,high,sigprofilerassignment,musical,0.999999658109637,0.9999996647339555,0.000012550643219314144,1,0
5,SP.Syn.Kidney-RCC::S.1,SP.Syn.Kidney-RCC,low,deconstructsigs,sigminer,0.9993665434465162,0.9993767402280851,0.0006973545396671304,0.6,-2
5,SP.Syn.Kidney-RCC::S.1,SP.Syn.Kidney-RCC,low,deconstructsigs,sigprofilerassignment,0.99982058644865,0.999822007109341,0.00039865470903905953,1,0
5,SP.Syn.Kidney-RCC::S.1,SP.Syn.Kidney-RCC,low,deconstructsigs,musical,0.9976654564379037,0.9976710282324496,0.0015484625420614216,0.6666666666666666,1
5,SP.Syn.Kidney-RCC::S.1,SP.Syn.Kidney-RCC,low,sigminer,sigprofilerassignment,0.998596951752957,0.9986176115497781,0.00109600924870619,0.6,2
5,SP.Syn.Kidney-RCC::S.1,SP.Syn.Kidney-RCC,low,sigminer,musical,0.99916357220987,0.999149600847598,0.001402875252297014,0.4,3
5,SP.Syn.Kidney-RCC::S.1,SP.Syn.Kidney-RCC,low,sigprofilerassignment,musical,0.9962055007329468,0.996219112573682,0.0019471172511004813,0.6666666666666666,1
5,SP.Syn.Ovary-AdenoCA::S.1,SP.Syn.Ovary-AdenoCA,middle,deconstructsigs,sigminer,0.995861439788706,0.9959847155049664,0.002037626333705523,0.45454545454545453,2
5,SP.Syn.Ovary-AdenoCA::S.1,SP.Syn.Ovary-AdenoCA,middle,deconstructsigs,sigprofilerassignment,0.9885604351896733,0.9889333686760302,0.0028543720795223327,0.2727272727272727,4
5,SP.Syn.Ovary-AdenoCA::S.1,SP.Syn.Ovary-AdenoCA,middle,deconstructsigs,musical,0.9950418872112835,0.9951032394501368,0.002734739158929892,0.3,5
5,SP.Syn.Ovary-AdenoCA::S.1,SP.Syn.Ovary-AdenoCA,middle,sigminer,sigprofilerassignment,0.994895045785405,0.9950537733382612,0.001623271211095756,0.7142857142857143,2
5,SP.Syn.Ovary-AdenoCA::S.1,SP.Syn.Ovary-AdenoCA,middle,sigminer,musical,0.9956692880646586,0.9957581560742147,0.0016018092040431795,0.5714285714285714,3
5,SP.Syn.Ovary-AdenoCA::S.1,SP.Syn.Ovary-AdenoCA,middle,sigprofilerassignment,musical,0.9916509601500887,0.9918337962842627,0.0019732826383744083,0.8,1
5,SP.Syn.Bone-Osteosarc::S.1,SP.Syn.Bone-Osteosarc,middle,deconstructsigs,sigminer,0.9992020926311637,0.999216276638298,0.000931155590394725,0.625,-1
5,SP.Syn.Bone-Osteosarc::S.1,SP.Syn.Bone-Osteosarc,middle,deconstructsigs,sigprofilerassignment,0.9990706989958615,0.9990509221121228,0.001373494343849668,0.6666666666666666,2
5,SP.Syn.Bone-Osteosarc::S.1,SP.Syn.Bone-Osteosarc,middle,deconstructsigs,musical,0.9990709628540629,0.9990512157084759,0.001372413475599116,0.6666666666666666,2
5,SP.Syn.Bone-Osteosarc::S.1,SP.Syn.Bone-Osteosarc,middle,sigminer,sigprofilerassignment,0.9987750884590234,0.9987402857046348,0.0017231905746909009,0.5714285714285714,3
5,SP.Syn.Bone-Osteosarc::S.1,SP.Syn.Bone-Osteosarc,middle,sigminer,musical,0.9987754057807028,0.9987406403457297,0.0017221097064403486,0.5714285714285714,3
5,SP.Syn.Bone-Osteosarc::S.1,SP.Syn.Bone-Osteosarc,middle,sigprofilerassignment,musical,0.9999999952408931,0.9999999953188027,0.0000018802109631483477,1,0
5,SP.Syn.Cervix-AdenoCA::S.1,SP.Syn.Cervix-AdenoCA,low,deconstructsigs,sigminer,0.9960981001068596,0.9960711783242863,0.002135066077393568,0.5,-4
5,SP.Syn.Cervix-AdenoCA::S.1,SP.Syn.Cervix-AdenoCA,low,deconstructsigs,sigprofilerassignment,0.9987047233274436,0.998717298136799,0.0010351902899076058,0.5,2
5,SP.Syn.Cervix-AdenoCA::S.1,SP.Syn.Cervix-AdenoCA,low,deconstructsigs,musical,0.9987098489091722,0.9987223377437626,0.0010335627067189343,0.5,2
5,SP.Syn.Cervix-AdenoCA::S.1,SP.Syn.Cervix-AdenoCA,low,sigminer,sigprofilerassignment,0.9912008416676965,0.9911826827396721,0.0031702563673011728,0.25,6
5,SP.Syn.Cervix-AdenoCA::S.1,SP.Syn.Cervix-AdenoCA,low,sigminer,musical,0.9912141762266709,0.9911958017959112,0.003168628784112501,0.25,6
5,SP.Syn.Cervix-AdenoCA::S.1,SP.Syn.Cervix-AdenoCA,low,sigprofilerassignment,musical,0.9999999933569215,0.999999993492675,0.0000016275831886716276,1,0
5,SP.Syn.Stomach-AdenoCA::S.1,SP.Syn.Stomach-AdenoCA,high,deconstructsigs,sigminer,0.9991263642392673,0.9991503233245608,0.0007915491733413116,0.625,1
5,SP.Syn.Stomach-AdenoCA::S.1,SP.Syn.Stomach-AdenoCA,high,deconstructsigs,sigprofilerassignment,0.9966659445719626,0.9967762900847267,0.0015606967411473938,0.4,0
5,SP.Syn.Stomach-AdenoCA::S.1,SP.Syn.Stomach-AdenoCA,high,deconstructsigs,musical,0.9966659975832683,0.9967763413482239,0.0015598342712636647,0.4,0
5,SP.Syn.Stomach-AdenoCA::S.1,SP.Syn.Stomach-AdenoCA,high,sigminer,sigprofilerassignment,0.9974100305682863,0.9974880969666442,0.0011653776081617243,0.625,-1
5,SP.Syn.Stomach-AdenoCA::S.1,SP.Syn.Stomach-AdenoCA,high,sigminer,musical,0.9974105882857297,0.9974886521436244,0.0011641536323904926,0.625,-1
5,SP.Syn.Stomach-AdenoCA::S.1,SP.Syn.Stomach-AdenoCA,high,sigprofilerassignment,musical,0.9999999972000143,0.9999999972805282,0.0000014074213776058736,1,0
10,SP.Syn.Bladder-TCC::S.1,SP.Syn.Bladder-TCC,high,deconstructsigs,sigminer,0.9370458557783602,0.9404436527251627,0.005356450594918336,0.5294117647058824,4
10,SP.Syn.Bladder-TCC::S.1,SP.Syn.Bladder-TCC,high,deconstructsigs,sigprofilerassignment,0.5836734739741452,0.5990355402563752,0.013100003895977031,0.26666666666666666,11
10,SP.Syn.Bladder-TCC::S.1,SP.Syn.Bladder-TCC,high,deconstructsigs,musical,0.8450090068989912,0.8520474298885395,0.00802109099913026,0.3333333333333333,10
10,SP.Syn.Bladder-TCC::S.1,SP.Syn.Bladder-TCC,high,sigminer,sigprofilerassignment,0.7755306840875488,0.7824657577165832,0.009208703842995917,0.36363636363636365,7
10,SP.Syn.Bladder-TCC::S.1,SP.Syn.Bladder-TCC,high,sigminer,musical,0.9707495640250364,0.9718215578175963,0.0035761060381392204,0.45454545454545453,6
10,SP.Syn.Bladder-TCC::S.1,SP.Syn.Bladder-TCC,high,sigprofilerassignment,musical,0.8646335379235579,0.8685684488489254,0.006675184098941212,0.8,-1
10,SP.Syn.Eso-AdenoCA::S.1,SP.Syn.Eso-AdenoCA,middle,deconstructsigs,sigminer,0.9963186047837321,0.9964519882233246,0.0016452502836531925,0.45454545454545453,0
10,SP.Syn.Eso-AdenoCA::S.1,SP.Syn.Eso-AdenoCA,middle,deconstructsigs,sigprofilerassignment,0.9695731129100367,0.970699167466848,0.0033270826512152444,0.4444444444444444,3
10,SP.Syn.Eso-AdenoCA::S.1,SP.Syn.Eso-AdenoCA,middle,deconstructsigs,musical,0.9886452763195046,0.989055532833599,0.0028696585765533964,0.45454545454545453,0
10,SP.Syn.Eso-AdenoCA::S.1,SP.Syn.Eso-AdenoCA,middle,sigminer,sigprofilerassignment,0.9704701308079532,0.9715533885464457,0.0033270826512152452,0.4444444444444444,3
10,SP.Syn.Eso-AdenoCA::S.1,SP.Syn.Eso-AdenoCA,middle,sigminer,musical,0.9920349714811354,0.9923095301167949,0.0021574801122723336,0.6,0
10,SP.Syn.Eso-AdenoCA::S.1,SP.Syn.Eso-AdenoCA,middle,sigprofilerassignment,musical,0.9663471830111133,0.9676338486275431,0.0033618539559912195,0.4444444444444444,-3
10,SP.Syn.Breast-AdenoCA::S.1,SP.Syn.Breast-AdenoCA,low,deconstructsigs,sigminer,0.9960998024489561,0.9961582268072396,0.0017142054638519795,0.75,-3
10,SP.Syn.Breast-AdenoCA::S.1,SP.Syn.Breast-AdenoCA,low,deconstructsigs,sigprofilerassignment,0.9980622965518622,0.9980181083132098,0.0017749483263320097,0.5555555555555556,4
10,SP.Syn.Breast-AdenoCA::S.1,SP.Syn.Breast-AdenoCA,low,deconstructsigs,musical,0.9980610549290215,0.9980165392031851,0.0017765986815843089,0.5555555555555556,4
10,SP.Syn.Breast-AdenoCA::S.1,SP.Syn.Breast-AdenoCA,low,sigminer,sigprofilerassignment,0.9935896551826228,0.9934051778139851,0.002873998649450311,0.4166666666666667,7
10,SP.Syn.Breast-AdenoCA::S.1,SP.Syn.Breast-AdenoCA,low,sigminer,musical,0.9935957304229122,0.9934102829743117,0.00287564900470261,0.4166666666666667,7
10,SP.Syn.Breast-AdenoCA::S.1,SP.Syn.Breast-AdenoCA,low,sigprofilerassignment,musical,0.9999999732128455,0.999999973801292,0.000004410176601493498,1,0
10,SP.Syn.Lung-SCC::S.1,SP.Syn.Lung-SCC,high,deconstructsigs,sigminer,0.998734494048529,0.9987673588375359,0.001130701869135782,0.6666666666666666,3
10,SP.Syn.Lung-SCC::S.1,SP.Syn.Lung-SCC,high,deconstructsigs,sigprofilerassignment,0.9986869061849848,0.9986150863211627,0.0021426868183998735,0.3333333333333333,6
10,SP.Syn.Lung-SCC::S.1,SP.Syn.Lung-SCC,high,deconstructsigs,musical,0.9986911278666133,0.9986174072814,0.0021426868183998735,0.3333333333333333,6
10,SP.Syn.Lung-SCC::S.1,SP.Syn.Lung-SCC,high,sigminer,sigprofilerassignment,0.9979577338381008,0.9979390047262112,0.0018527854288163197,0.5,3
10,SP.Syn.Lung-SCC::S.1,SP.Syn.Lung-SCC,high,sigminer,musical,0.9979690165718851,0.9979485008532047,0.0018563434768596458,0.5,3
10,SP.Syn.Lung-SCC::S.1,SP.Syn.Lung-SCC,high,sigprofilerassignment,musical,0.999998765002688,0.9999987878235589,0.00002438243545590296,1,0
10,SP.Syn.Kidney-RCC::S.1,SP.Syn.Kidney-RCC,low,deconstructsigs,sigminer,0.9965366301378928,0.9965916472015843,0.00216656690772249,0.4,-4
10,SP.Syn.Kidney-RCC::S.1,SP.Syn.Kidney-RCC,low,deconstructsigs,sigprofilerassignment,0.999165332426608,0.9991798422289601,0.0007615955649581287,0.6,2
10,SP.Syn.Kidney-RCC::S.1,SP.Syn.Kidney-RCC,low,deconstructsigs,musical,0.9991620466132841,0.9991766167422833,0.0007634782391949071,0.6,2
10,SP.Syn.Kidney-RCC::S.1,SP.Syn.Kidney-RCC,low,sigminer,sigprofilerassignment,0.9927968456114724,0.9929181992230061,0.002892258252033664,0.2,6
10,SP.Syn.Kidney-RCC::S.1,SP.Syn.Kidney-RCC,low,sigminer,musical,0.9927864344208456,0.9929080386295989,0.0028916683985898885,0.2,6
10,SP.Syn.Kidney-RCC::S.1,SP.Syn.Kidney-RCC,low,sigprofilerassignment,musical,0.9999999947310824,0.999999994733364,0.0000024725276805545915,1,0
10,SP.Syn.Ovary-AdenoCA::S.1,SP.Syn.Ovary-AdenoCA,middle,deconstructsigs,sigminer,0.9969895743912839,0.9970792885785353,0.0014606465050332792,0.7,1
10,SP.Syn.Ovary-AdenoCA::S.1,SP.Syn.Ovary-AdenoCA,middle,deconstructsigs,sigprofilerassignment,0.9840880307615782,0.9846013219756644,0.003665959319637965,0.2727272727272727,4
10,SP.Syn.Ovary-AdenoCA::S.1,SP.Syn.Ovary-AdenoCA,middle,deconstructsigs,musical,0.9893122481564985,0.9894632985232683,0.003650160851662713,0.3,5
10,SP.Syn.Ovary-AdenoCA::S.1,SP.Syn.Ovary-AdenoCA,middle,sigminer,sigprofilerassignment,0.9848999281447468,0.9853964640216663,0.0031316826665900984,0.4444444444444444,3
10,SP.Syn.Ovary-AdenoCA::S.1,SP.Syn.Ovary-AdenoCA,middle,sigminer,musical,0.9892093155912217,0.9894420011534776,0.0024995008252187137,0.5,4
10,SP.Syn.Ovary-AdenoCA::S.1,SP.Syn.Ovary-AdenoCA,middle,sigprofilerassignment,musical,0.991655404972614,0.9918378572523721,0.001971137903126688,0.8,1
10,SP.Syn.Bone-Osteosarc::S.1,SP.Syn.Bone-Osteosarc,middle,deconstructsigs,sigminer,0.9990169237730956,0.9989873002556487,0.0014384245157130088,0.8,-2
10,SP.Syn.Bone-Osteosarc::S.1,SP.Syn.Bone-Osteosarc,middle,deconstructsigs,sigprofilerassignment,0.9960836072267611,0.9959713553987954,0.0030603132171124073,0.5,4
10,SP.Syn.Bone-Osteosarc::S.1,SP.Syn.Bone-Osteosarc,middle,deconstructsigs,musical,0.9960820722595588,0.9959696844689321,0.0030636502753413064,0.5,4
10,SP.Syn.Bone-Osteosarc::S.1,SP.Syn.Bone-Osteosarc,middle,sigminer,sigprofilerassignment,0.9935882021435896,0.9932794901529272,0.0043684149371674,0.4,6
10,SP.Syn.Bone-Osteosarc::S.1,SP.Syn.Bone-Osteosarc,middle,sigminer,musical,0.9935860208453877,0.9932771005405743,0.0043717519953963,0.4,6
10,SP.Syn.Bone-Osteosarc::S.1,SP.Syn.Bone-Osteosarc,middle,sigprofilerassignment,musical,0.999999989440774,0.9999999895928011,0.000003337058228899247,1,0
10,SP.Syn.Cervix-AdenoCA::S.1,SP.Syn.Cervix-AdenoCA,low,deconstructsigs,sigminer,0.9770094401558596,0.9771893058377318,0.0044344842646349665,0.5454545454545454,-3
10,SP.Syn.Cervix-AdenoCA::S.1,SP.Syn.Cervix-AdenoCA,low,deconstructsigs,sigprofilerassignment,0.9947111399373763,0.9947048235413944,0.0024443956356979975,0.2857142857142857,5
10,SP.Syn.Cervix-AdenoCA::S.1,SP.Syn.Cervix-AdenoCA,low,deconstructsigs,musical,0.9947314462361784,0.9947248117550962,0.002441142614029653,0.2857142857142857,5
10,SP.Syn.Cervix-AdenoCA::S.1,SP.Syn.Cervix-AdenoCA,low,sigminer,sigprofilerassignment,0.9526908448091588,0.9528557741069009,0.006594274663535759,0.2,8
10,SP.Syn.Cervix-AdenoCA::S.1,SP.Syn.Cervix-AdenoCA,low,sigminer,musical,0.9527521854272413,0.9529158230809741,0.006591021641867414,0.2,8
10,SP.Syn.Cervix-AdenoCA::S.1,SP.Syn.Cervix-AdenoCA,low,sigprofilerassignment,musical,0.9999999732902181,0.9999999738399535,0.000003253021668344539,1,0
10,SP.Syn.Stomach-AdenoCA::S.1,SP.Syn.Stomach-AdenoCA,high,deconstructsigs,sigminer,0.9990867865422464,0.9991138587602263,0.0007776901871697648,0.625,1
10,SP.Syn.Stomach-AdenoCA::S.1,SP.Syn.Stomach-AdenoCA,high,deconstructsigs,sigprofilerassignment,0.997333569603946,0.9973741709584127,0.0016999169827832384,0.5,2
10,SP.Syn.Stomach-AdenoCA::S.1,SP.Syn.Stomach-AdenoCA,high,deconstructsigs,musical,0.9962862731513421,0.9964059933925531,0.0017558255160145416,0.4,0
10,SP.Syn.Stomach-AdenoCA::S.1,SP.Syn.Stomach-AdenoCA,high,sigminer,sigprofilerassignment,0.9972594152287958,0.9973238539334849,0.00139025316507228,0.5714285714285714,1
10,SP.Syn.Stomach-AdenoCA::S.1,SP.Syn.Stomach-AdenoCA,high,sigminer,musical,0.9967019380152828,0.9968113581175654,0.0011689874574548388,0.625,-1
10,SP.Syn.Stomach-AdenoCA::S.1,SP.Syn.Stomach-AdenoCA,high,sigprofilerassignment,musical,0.9990086687061377,0.999020521555208,0.0009516656259340475,0.7142857142857143,-2
