browser,browser_version,scenario,repeat,phase,status,elapsed_ms,load_ms,network_fetch_ms,module_import_ms,runtime_init_ms,pure_js_compute_ms,serialization_ms,js_heap_bytes,observed_peak_js_heap_bytes,sdk_module_fetch_ms,public_spectrum_fetch_ms,public_catalog_fetch_ms,native_fit_ms,adapter_fit_ms,qc_evidence_ms,bootstrap_ms,plot_render_ms,report_serialization_ms,result_serialization_ms,pyodide_initialization_ms,webR_initialization_ms,wrapped_package_import_ms,stage_availability,sample_count,signature_count,rank_selection_ms,extraction_ms,error
edge,,single_sample_fit_report,,,not available,,,,,,,,,,,,,,,,,,,,,,,,,,,,
edge,,medium_cohort_120,,,not available,,,,,,,,,,,,,,,,,,,,,,,,,,,,
edge,,portal_scale_300x40,,,not available,,,,,,,,,,,,,,,,,,,,,,,,,,,,
edge,,bootstrap_500,,,not available,,,,,,,,,,,,,,,,,,,,,,,,,,,,
edge,,nmf_rank_selection_rank4,,,not available,,,,,,,,,,,,,,,,,,,,,,,,,,,,
chrome,150.0.7871.187,single_sample_fit_report,1,cold,completed,3055.289999999106,3051.144999999553,3049.605000000447,3051.144999999553,,3.6099999994039536,0.5350000001490116,20667043,20667043,3049.605000000447,,,2.5700000002980232,,0.9600000008940697,,,0.5350000001490116,,,,,"{""sdkModuleFetchImport"":""measured in cold phase; warm phase reuses the loaded module"",""pyodideInitialization"":""not_applicable_native_javascript_path"",""webRInitialization"":""not_applicable_native_javascript_path"",""wrappedPackageImport"":""not_applicable_native_javascript_path"",""publicSpectrumCatalogFetch"":""not_measured_synthetic_inputs_are_in_memory"",""nativeFitting"":""measured where the scenario uses native NNLS"",""adapterFitting"":""not_applicable_native_javascript_path"",""qcEvidence"":""measured only for single_sample_fit_report"",""bootstrap"":""measured only for bootstrap_500"",""plotRendering"":""not_measured"",""reportSerialization"":""measured only for single_sample_fit_report"",""endToEndElapsed"":""measured"",""memory"":""observed JS heap sampled at stage boundaries where performance.memory is exposed; not OS process peak""}",1,9,,,
chrome,150.0.7871.187,single_sample_fit_report,1,warm,completed,1.1100000031292439,,0,0,,1.0250000059604645,0.08499999716877937,20667043,20667043,,,,0.5949999988079071,,0.4050000011920929,,,0.08499999716877937,,,,,"{""sdkModuleFetchImport"":""measured in cold phase; warm phase reuses the loaded module"",""pyodideInitialization"":""not_applicable_native_javascript_path"",""webRInitialization"":""not_applicable_native_javascript_path"",""wrappedPackageImport"":""not_applicable_native_javascript_path"",""publicSpectrumCatalogFetch"":""not_measured_synthetic_inputs_are_in_memory"",""nativeFitting"":""measured where the scenario uses native NNLS"",""adapterFitting"":""not_applicable_native_javascript_path"",""qcEvidence"":""measured only for single_sample_fit_report"",""bootstrap"":""measured only for bootstrap_500"",""plotRendering"":""not_measured"",""reportSerialization"":""measured only for single_sample_fit_report"",""endToEndElapsed"":""measured"",""memory"":""observed JS heap sampled at stage boundaries where performance.memory is exposed; not OS process peak""}",1,9,,,
chrome,150.0.7871.187,single_sample_fit_report,2,cold,completed,1367.6549999974668,1361.969999998808,1359.905000001192,1361.969999998808,,4.989999998360872,0.6950000002980232,20640431,20640431,1359.905000001192,,,3.4899999983608723,,1.3849999979138374,,,0.6950000002980232,,,,,"{""sdkModuleFetchImport"":""measured in cold phase; warm phase reuses the loaded module"",""pyodideInitialization"":""not_applicable_native_javascript_path"",""webRInitialization"":""not_applicable_native_javascript_path"",""wrappedPackageImport"":""not_applicable_native_javascript_path"",""publicSpectrumCatalogFetch"":""not_measured_synthetic_inputs_are_in_memory"",""nativeFitting"":""measured where the scenario uses native NNLS"",""adapterFitting"":""not_applicable_native_javascript_path"",""qcEvidence"":""measured only for single_sample_fit_report"",""bootstrap"":""measured only for bootstrap_500"",""plotRendering"":""not_measured"",""reportSerialization"":""measured only for single_sample_fit_report"",""endToEndElapsed"":""measured"",""memory"":""observed JS heap sampled at stage boundaries where performance.memory is exposed; not OS process peak""}",1,9,,,
chrome,150.0.7871.187,single_sample_fit_report,2,warm,completed,1.655000001192093,,0,0,,1.5199999995529652,0.13500000163912773,20640431,20640431,,,,0.8599999994039536,,0.6350000016391277,,,0.13500000163912773,,,,,"{""sdkModuleFetchImport"":""measured in cold phase; warm phase reuses the loaded module"",""pyodideInitialization"":""not_applicable_native_javascript_path"",""webRInitialization"":""not_applicable_native_javascript_path"",""wrappedPackageImport"":""not_applicable_native_javascript_path"",""publicSpectrumCatalogFetch"":""not_measured_synthetic_inputs_are_in_memory"",""nativeFitting"":""measured where the scenario uses native NNLS"",""adapterFitting"":""not_applicable_native_javascript_path"",""qcEvidence"":""measured only for single_sample_fit_report"",""bootstrap"":""measured only for bootstrap_500"",""plotRendering"":""not_measured"",""reportSerialization"":""measured only for single_sample_fit_report"",""endToEndElapsed"":""measured"",""memory"":""observed JS heap sampled at stage boundaries where performance.memory is exposed; not OS process peak""}",1,9,,,
chrome,150.0.7871.187,single_sample_fit_report,3,cold,completed,1354.984999999404,1351.074999999255,1349.620000001043,1351.074999999255,,3.3900000005960464,0.5199999995529652,20636571,20636571,1349.620000001043,,,2.375,,0.9499999992549419,,,0.5199999995529652,,,,,"{""sdkModuleFetchImport"":""measured in cold phase; warm phase reuses the loaded module"",""pyodideInitialization"":""not_applicable_native_javascript_path"",""webRInitialization"":""not_applicable_native_javascript_path"",""wrappedPackageImport"":""not_applicable_native_javascript_path"",""publicSpectrumCatalogFetch"":""not_measured_synthetic_inputs_are_in_memory"",""nativeFitting"":""measured where the scenario uses native NNLS"",""adapterFitting"":""not_applicable_native_javascript_path"",""qcEvidence"":""measured only for single_sample_fit_report"",""bootstrap"":""measured only for bootstrap_500"",""plotRendering"":""not_measured"",""reportSerialization"":""measured only for single_sample_fit_report"",""endToEndElapsed"":""measured"",""memory"":""observed JS heap sampled at stage boundaries where performance.memory is exposed; not OS process peak""}",1,9,,,
chrome,150.0.7871.187,single_sample_fit_report,3,warm,completed,1.1950000002980232,,0,0,,1.1050000004470348,0.08999999985098839,20636571,20636571,,,,0.6649999991059303,,0.42499999701976776,,,0.08999999985098839,,,,,"{""sdkModuleFetchImport"":""measured in cold phase; warm phase reuses the loaded module"",""pyodideInitialization"":""not_applicable_native_javascript_path"",""webRInitialization"":""not_applicable_native_javascript_path"",""wrappedPackageImport"":""not_applicable_native_javascript_path"",""publicSpectrumCatalogFetch"":""not_measured_synthetic_inputs_are_in_memory"",""nativeFitting"":""measured where the scenario uses native NNLS"",""adapterFitting"":""not_applicable_native_javascript_path"",""qcEvidence"":""measured only for single_sample_fit_report"",""bootstrap"":""measured only for bootstrap_500"",""plotRendering"":""not_measured"",""reportSerialization"":""measured only for single_sample_fit_report"",""endToEndElapsed"":""measured"",""memory"":""observed JS heap sampled at stage boundaries where performance.memory is exposed; not OS process peak""}",1,9,,,
chrome,150.0.7871.187,medium_cohort_120,1,cold,completed,1660.820000000298,1630.230000000447,1627.945000000298,1630.230000000447,,30.49500000104308,0.0949999988079071,22675792,22675792,1627.945000000298,,,30.400000002235174,,,,,,0.0949999988079071,,,,"{""sdkModuleFetchImport"":""measured in cold phase; warm phase reuses the loaded module"",""pyodideInitialization"":""not_applicable_native_javascript_path"",""webRInitialization"":""not_applicable_native_javascript_path"",""wrappedPackageImport"":""not_applicable_native_javascript_path"",""publicSpectrumCatalogFetch"":""not_measured_synthetic_inputs_are_in_memory"",""nativeFitting"":""measured where the scenario uses native NNLS"",""adapterFitting"":""not_applicable_native_javascript_path"",""qcEvidence"":""measured only for single_sample_fit_report"",""bootstrap"":""measured only for bootstrap_500"",""plotRendering"":""not_measured"",""reportSerialization"":""measured only for single_sample_fit_report"",""endToEndElapsed"":""measured"",""memory"":""observed JS heap sampled at stage boundaries where performance.memory is exposed; not OS process peak""}",120,9,,,
chrome,150.0.7871.187,medium_cohort_120,1,warm,completed,24.394999999552965,,0,0,,24.324999999254942,0.07000000029802322,26844224,26844224,,,,24.28999999910593,,,,,,0.07000000029802322,,,,"{""sdkModuleFetchImport"":""measured in cold phase; warm phase reuses the loaded module"",""pyodideInitialization"":""not_applicable_native_javascript_path"",""webRInitialization"":""not_applicable_native_javascript_path"",""wrappedPackageImport"":""not_applicable_native_javascript_path"",""publicSpectrumCatalogFetch"":""not_measured_synthetic_inputs_are_in_memory"",""nativeFitting"":""measured where the scenario uses native NNLS"",""adapterFitting"":""not_applicable_native_javascript_path"",""qcEvidence"":""measured only for single_sample_fit_report"",""bootstrap"":""measured only for bootstrap_500"",""plotRendering"":""not_measured"",""reportSerialization"":""measured only for single_sample_fit_report"",""endToEndElapsed"":""measured"",""memory"":""observed JS heap sampled at stage boundaries where performance.memory is exposed; not OS process peak""}",120,9,,,
chrome,150.0.7871.187,medium_cohort_120,2,cold,completed,1361.934999998659,1334.0799999982119,1331.629999998957,1334.0799999982119,,27.759999997913837,0.0950000025331974,22666708,22666708,1331.629999998957,,,27.67000000178814,,,,,,0.0950000025331974,,,,"{""sdkModuleFetchImport"":""measured in cold phase; warm phase reuses the loaded module"",""pyodideInitialization"":""not_applicable_native_javascript_path"",""webRInitialization"":""not_applicable_native_javascript_path"",""wrappedPackageImport"":""not_applicable_native_javascript_path"",""publicSpectrumCatalogFetch"":""not_measured_synthetic_inputs_are_in_memory"",""nativeFitting"":""measured where the scenario uses native NNLS"",""adapterFitting"":""not_applicable_native_javascript_path"",""qcEvidence"":""measured only for single_sample_fit_report"",""bootstrap"":""measured only for bootstrap_500"",""plotRendering"":""not_measured"",""reportSerialization"":""measured only for single_sample_fit_report"",""endToEndElapsed"":""measured"",""memory"":""observed JS heap sampled at stage boundaries where performance.memory is exposed; not OS process peak""}",120,9,,,
chrome,150.0.7871.187,medium_cohort_120,2,warm,completed,22.150000002235174,,0,0,,22.055000003427267,0.0949999988079071,26690128,26690128,,,,22,,,,,,0.0949999988079071,,,,"{""sdkModuleFetchImport"":""measured in cold phase; warm phase reuses the loaded module"",""pyodideInitialization"":""not_applicable_native_javascript_path"",""webRInitialization"":""not_applicable_native_javascript_path"",""wrappedPackageImport"":""not_applicable_native_javascript_path"",""publicSpectrumCatalogFetch"":""not_measured_synthetic_inputs_are_in_memory"",""nativeFitting"":""measured where the scenario uses native NNLS"",""adapterFitting"":""not_applicable_native_javascript_path"",""qcEvidence"":""measured only for single_sample_fit_report"",""bootstrap"":""measured only for bootstrap_500"",""plotRendering"":""not_measured"",""reportSerialization"":""measured only for single_sample_fit_report"",""endToEndElapsed"":""measured"",""memory"":""observed JS heap sampled at stage boundaries where performance.memory is exposed; not OS process peak""}",120,9,,,
chrome,150.0.7871.187,medium_cohort_120,3,cold,completed,1378.3149999976158,1349.4199999980628,1347.4799999967217,1349.4199999980628,,28.79499999806285,0.10000000149011612,22708084,22708084,1347.4799999967217,,,28.70500000193715,,,,,,0.10000000149011612,,,,"{""sdkModuleFetchImport"":""measured in cold phase; warm phase reuses the loaded module"",""pyodideInitialization"":""not_applicable_native_javascript_path"",""webRInitialization"":""not_applicable_native_javascript_path"",""wrappedPackageImport"":""not_applicable_native_javascript_path"",""publicSpectrumCatalogFetch"":""not_measured_synthetic_inputs_are_in_memory"",""nativeFitting"":""measured where the scenario uses native NNLS"",""adapterFitting"":""not_applicable_native_javascript_path"",""qcEvidence"":""measured only for single_sample_fit_report"",""bootstrap"":""measured only for bootstrap_500"",""plotRendering"":""not_measured"",""reportSerialization"":""measured only for single_sample_fit_report"",""endToEndElapsed"":""measured"",""memory"":""observed JS heap sampled at stage boundaries where performance.memory is exposed; not OS process peak""}",120,9,,,
chrome,150.0.7871.187,medium_cohort_120,3,warm,completed,21.809999998658895,,0,0,,21.719999998807907,0.08999999985098839,27233840,27233840,,,,21.684999998658895,,,,,,0.08999999985098839,,,,"{""sdkModuleFetchImport"":""measured in cold phase; warm phase reuses the loaded module"",""pyodideInitialization"":""not_applicable_native_javascript_path"",""webRInitialization"":""not_applicable_native_javascript_path"",""wrappedPackageImport"":""not_applicable_native_javascript_path"",""publicSpectrumCatalogFetch"":""not_measured_synthetic_inputs_are_in_memory"",""nativeFitting"":""measured where the scenario uses native NNLS"",""adapterFitting"":""not_applicable_native_javascript_path"",""qcEvidence"":""measured only for single_sample_fit_report"",""bootstrap"":""measured only for bootstrap_500"",""plotRendering"":""not_measured"",""reportSerialization"":""measured only for single_sample_fit_report"",""endToEndElapsed"":""measured"",""memory"":""observed JS heap sampled at stage boundaries where performance.memory is exposed; not OS process peak""}",120,9,,,
chrome,150.0.7871.187,portal_scale_300x40,1,cold,completed,3460.120000001043,1295.144999999553,1292.910000000149,1295.144999999553,,2164.449999999255,0.5250000022351742,32641314,32641314,1292.910000000149,,,2164.335000000894,,,,,,0.5250000022351742,,,,"{""sdkModuleFetchImport"":""measured in cold phase; warm phase reuses the loaded module"",""pyodideInitialization"":""not_applicable_native_javascript_path"",""webRInitialization"":""not_applicable_native_javascript_path"",""wrappedPackageImport"":""not_applicable_native_javascript_path"",""publicSpectrumCatalogFetch"":""not_measured_synthetic_inputs_are_in_memory"",""nativeFitting"":""measured where the scenario uses native NNLS"",""adapterFitting"":""not_applicable_native_javascript_path"",""qcEvidence"":""measured only for single_sample_fit_report"",""bootstrap"":""measured only for bootstrap_500"",""plotRendering"":""not_measured"",""reportSerialization"":""measured only for single_sample_fit_report"",""endToEndElapsed"":""measured"",""memory"":""observed JS heap sampled at stage boundaries where performance.memory is exposed; not OS process peak""}",300,40,,,
chrome,150.0.7871.187,portal_scale_300x40,1,warm,completed,2129.425000000745,,0,0,,2128.955000001937,0.4699999988079071,32641314,32641314,,,,2128.885000001639,,,,,,0.4699999988079071,,,,"{""sdkModuleFetchImport"":""measured in cold phase; warm phase reuses the loaded module"",""pyodideInitialization"":""not_applicable_native_javascript_path"",""webRInitialization"":""not_applicable_native_javascript_path"",""wrappedPackageImport"":""not_applicable_native_javascript_path"",""publicSpectrumCatalogFetch"":""not_measured_synthetic_inputs_are_in_memory"",""nativeFitting"":""measured where the scenario uses native NNLS"",""adapterFitting"":""not_applicable_native_javascript_path"",""qcEvidence"":""measured only for single_sample_fit_report"",""bootstrap"":""measured only for bootstrap_500"",""plotRendering"":""not_measured"",""reportSerialization"":""measured only for single_sample_fit_report"",""endToEndElapsed"":""measured"",""memory"":""observed JS heap sampled at stage boundaries where performance.memory is exposed; not OS process peak""}",300,40,,,
chrome,150.0.7871.187,portal_scale_300x40,2,cold,completed,3535.89999999851,1370.789999999106,1368.589999999851,1370.785000000149,,2164.454999998212,0.6550000011920929,31721654,31721654,1368.589999999851,,,2164.315000001341,,,,,,0.6550000011920929,,,,"{""sdkModuleFetchImport"":""measured in cold phase; warm phase reuses the loaded module"",""pyodideInitialization"":""not_applicable_native_javascript_path"",""webRInitialization"":""not_applicable_native_javascript_path"",""wrappedPackageImport"":""not_applicable_native_javascript_path"",""publicSpectrumCatalogFetch"":""not_measured_synthetic_inputs_are_in_memory"",""nativeFitting"":""measured where the scenario uses native NNLS"",""adapterFitting"":""not_applicable_native_javascript_path"",""qcEvidence"":""measured only for single_sample_fit_report"",""bootstrap"":""measured only for bootstrap_500"",""plotRendering"":""not_measured"",""reportSerialization"":""measured only for single_sample_fit_report"",""endToEndElapsed"":""measured"",""memory"":""observed JS heap sampled at stage boundaries where performance.memory is exposed; not OS process peak""}",300,40,,,
chrome,150.0.7871.187,portal_scale_300x40,2,warm,completed,2149.904999997467,,0,0,,2149.519999999553,0.38499999791383743,31721654,31721654,,,,2149.464999999851,,,,,,0.38499999791383743,,,,"{""sdkModuleFetchImport"":""measured in cold phase; warm phase reuses the loaded module"",""pyodideInitialization"":""not_applicable_native_javascript_path"",""webRInitialization"":""not_applicable_native_javascript_path"",""wrappedPackageImport"":""not_applicable_native_javascript_path"",""publicSpectrumCatalogFetch"":""not_measured_synthetic_inputs_are_in_memory"",""nativeFitting"":""measured where the scenario uses native NNLS"",""adapterFitting"":""not_applicable_native_javascript_path"",""qcEvidence"":""measured only for single_sample_fit_report"",""bootstrap"":""measured only for bootstrap_500"",""plotRendering"":""not_measured"",""reportSerialization"":""measured only for single_sample_fit_report"",""endToEndElapsed"":""measured"",""memory"":""observed JS heap sampled at stage boundaries where performance.memory is exposed; not OS process peak""}",300,40,,,
chrome,150.0.7871.187,portal_scale_300x40,3,cold,completed,3701.920000001788,1414.25,1412.1699999980628,1414.25,,2286.780000001192,0.8900000005960464,31321226,31321226,1412.1699999980628,,,2286.565000001341,,,,,,0.8900000005960464,,,,"{""sdkModuleFetchImport"":""measured in cold phase; warm phase reuses the loaded module"",""pyodideInitialization"":""not_applicable_native_javascript_path"",""webRInitialization"":""not_applicable_native_javascript_path"",""wrappedPackageImport"":""not_applicable_native_javascript_path"",""publicSpectrumCatalogFetch"":""not_measured_synthetic_inputs_are_in_memory"",""nativeFitting"":""measured where the scenario uses native NNLS"",""adapterFitting"":""not_applicable_native_javascript_path"",""qcEvidence"":""measured only for single_sample_fit_report"",""bootstrap"":""measured only for bootstrap_500"",""plotRendering"":""not_measured"",""reportSerialization"":""measured only for single_sample_fit_report"",""endToEndElapsed"":""measured"",""memory"":""observed JS heap sampled at stage boundaries where performance.memory is exposed; not OS process peak""}",300,40,,,
chrome,150.0.7871.187,portal_scale_300x40,3,warm,completed,2241.934999998659,,0,0,,2241.530000001192,0.4049999974668026,31321226,31321226,,,,2241.454999998212,,,,,,0.4049999974668026,,,,"{""sdkModuleFetchImport"":""measured in cold phase; warm phase reuses the loaded module"",""pyodideInitialization"":""not_applicable_native_javascript_path"",""webRInitialization"":""not_applicable_native_javascript_path"",""wrappedPackageImport"":""not_applicable_native_javascript_path"",""publicSpectrumCatalogFetch"":""not_measured_synthetic_inputs_are_in_memory"",""nativeFitting"":""measured where the scenario uses native NNLS"",""adapterFitting"":""not_applicable_native_javascript_path"",""qcEvidence"":""measured only for single_sample_fit_report"",""bootstrap"":""measured only for bootstrap_500"",""plotRendering"":""not_measured"",""reportSerialization"":""measured only for single_sample_fit_report"",""endToEndElapsed"":""measured"",""memory"":""observed JS heap sampled at stage boundaries where performance.memory is exposed; not OS process peak""}",300,40,,,
chrome,150.0.7871.187,bootstrap_500,1,cold,completed,1826.7050000019372,1520.719999998808,1519.070000000298,1520.719999998808,,305.6000000014901,0.38500000163912773,24022520,24022520,1519.070000000298,,,,,,305.5,,,0.38500000163912773,,,,"{""sdkModuleFetchImport"":""measured in cold phase; warm phase reuses the loaded module"",""pyodideInitialization"":""not_applicable_native_javascript_path"",""webRInitialization"":""not_applicable_native_javascript_path"",""wrappedPackageImport"":""not_applicable_native_javascript_path"",""publicSpectrumCatalogFetch"":""not_measured_synthetic_inputs_are_in_memory"",""nativeFitting"":""measured where the scenario uses native NNLS"",""adapterFitting"":""not_applicable_native_javascript_path"",""qcEvidence"":""measured only for single_sample_fit_report"",""bootstrap"":""measured only for bootstrap_500"",""plotRendering"":""not_measured"",""reportSerialization"":""measured only for single_sample_fit_report"",""endToEndElapsed"":""measured"",""memory"":""observed JS heap sampled at stage boundaries where performance.memory is exposed; not OS process peak""}",1,9,,,
chrome,150.0.7871.187,bootstrap_500,1,warm,completed,259.41499999910593,,0,0,,259.0650000013411,0.3499999977648258,24022520,24022520,,,,,,,259.03999999910593,,,0.3499999977648258,,,,"{""sdkModuleFetchImport"":""measured in cold phase; warm phase reuses the loaded module"",""pyodideInitialization"":""not_applicable_native_javascript_path"",""webRInitialization"":""not_applicable_native_javascript_path"",""wrappedPackageImport"":""not_applicable_native_javascript_path"",""publicSpectrumCatalogFetch"":""not_measured_synthetic_inputs_are_in_memory"",""nativeFitting"":""measured where the scenario uses native NNLS"",""adapterFitting"":""not_applicable_native_javascript_path"",""qcEvidence"":""measured only for single_sample_fit_report"",""bootstrap"":""measured only for bootstrap_500"",""plotRendering"":""not_measured"",""reportSerialization"":""measured only for single_sample_fit_report"",""endToEndElapsed"":""measured"",""memory"":""observed JS heap sampled at stage boundaries where performance.memory is exposed; not OS process peak""}",1,9,,,
chrome,150.0.7871.187,bootstrap_500,2,cold,completed,1834.2849999964237,1541.0249999985099,1537.839999999851,1541.0249999985099,,292.9049999974668,0.35500000044703484,21291400,21291400,1537.839999999851,,,,,,292.785000000149,,,0.35500000044703484,,,,"{""sdkModuleFetchImport"":""measured in cold phase; warm phase reuses the loaded module"",""pyodideInitialization"":""not_applicable_native_javascript_path"",""webRInitialization"":""not_applicable_native_javascript_path"",""wrappedPackageImport"":""not_applicable_native_javascript_path"",""publicSpectrumCatalogFetch"":""not_measured_synthetic_inputs_are_in_memory"",""nativeFitting"":""measured where the scenario uses native NNLS"",""adapterFitting"":""not_applicable_native_javascript_path"",""qcEvidence"":""measured only for single_sample_fit_report"",""bootstrap"":""measured only for bootstrap_500"",""plotRendering"":""not_measured"",""reportSerialization"":""measured only for single_sample_fit_report"",""endToEndElapsed"":""measured"",""memory"":""observed JS heap sampled at stage boundaries where performance.memory is exposed; not OS process peak""}",1,9,,,
chrome,150.0.7871.187,bootstrap_500,2,warm,completed,268.2549999989569,,0,0,,267.92499999701977,0.33000000193715096,24178940,24178940,,,,,,,267.8999999985099,,,0.33000000193715096,,,,"{""sdkModuleFetchImport"":""measured in cold phase; warm phase reuses the loaded module"",""pyodideInitialization"":""not_applicable_native_javascript_path"",""webRInitialization"":""not_applicable_native_javascript_path"",""wrappedPackageImport"":""not_applicable_native_javascript_path"",""publicSpectrumCatalogFetch"":""not_measured_synthetic_inputs_are_in_memory"",""nativeFitting"":""measured where the scenario uses native NNLS"",""adapterFitting"":""not_applicable_native_javascript_path"",""qcEvidence"":""measured only for single_sample_fit_report"",""bootstrap"":""measured only for bootstrap_500"",""plotRendering"":""not_measured"",""reportSerialization"":""measured only for single_sample_fit_report"",""endToEndElapsed"":""measured"",""memory"":""observed JS heap sampled at stage boundaries where performance.memory is exposed; not OS process peak""}",1,9,,,
chrome,150.0.7871.187,bootstrap_500,3,cold,completed,2016.4000000022352,1716.1000000014901,1714.089999999851,1716.1000000014901,,299.9150000028312,0.38499999791383743,21393340,21393340,1714.089999999851,,,,,,299.83000000193715,,,0.38499999791383743,,,,"{""sdkModuleFetchImport"":""measured in cold phase; warm phase reuses the loaded module"",""pyodideInitialization"":""not_applicable_native_javascript_path"",""webRInitialization"":""not_applicable_native_javascript_path"",""wrappedPackageImport"":""not_applicable_native_javascript_path"",""publicSpectrumCatalogFetch"":""not_measured_synthetic_inputs_are_in_memory"",""nativeFitting"":""measured where the scenario uses native NNLS"",""adapterFitting"":""not_applicable_native_javascript_path"",""qcEvidence"":""measured only for single_sample_fit_report"",""bootstrap"":""measured only for bootstrap_500"",""plotRendering"":""not_measured"",""reportSerialization"":""measured only for single_sample_fit_report"",""endToEndElapsed"":""measured"",""memory"":""observed JS heap sampled at stage boundaries where performance.memory is exposed; not OS process peak""}",1,9,,,
chrome,150.0.7871.187,bootstrap_500,3,warm,completed,250.7199999988079,,0,0,,250.3699999973178,0.3500000014901161,23295468,23295468,,,,,,,250.35000000149012,,,0.3500000014901161,,,,"{""sdkModuleFetchImport"":""measured in cold phase; warm phase reuses the loaded module"",""pyodideInitialization"":""not_applicable_native_javascript_path"",""webRInitialization"":""not_applicable_native_javascript_path"",""wrappedPackageImport"":""not_applicable_native_javascript_path"",""publicSpectrumCatalogFetch"":""not_measured_synthetic_inputs_are_in_memory"",""nativeFitting"":""measured where the scenario uses native NNLS"",""adapterFitting"":""not_applicable_native_javascript_path"",""qcEvidence"":""measured only for single_sample_fit_report"",""bootstrap"":""measured only for bootstrap_500"",""plotRendering"":""not_measured"",""reportSerialization"":""measured only for single_sample_fit_report"",""endToEndElapsed"":""measured"",""memory"":""observed JS heap sampled at stage boundaries where performance.memory is exposed; not OS process peak""}",1,9,,,
chrome,150.0.7871.187,nmf_rank_selection_rank4,1,cold,completed,4857.154999997467,1582.9749999977648,1580.664999999106,1582.9749999977648,,3271.699999999255,2.480000000447035,42601051,42601051,1580.664999999106,,,,,,,,,2.480000000447035,,,,"{""sdkModuleFetchImport"":""measured in cold phase; warm phase reuses the loaded module"",""pyodideInitialization"":""not_applicable_native_javascript_path"",""webRInitialization"":""not_applicable_native_javascript_path"",""wrappedPackageImport"":""not_applicable_native_javascript_path"",""publicSpectrumCatalogFetch"":""not_measured_synthetic_inputs_are_in_memory"",""nativeFitting"":""measured where the scenario uses native NNLS"",""adapterFitting"":""not_applicable_native_javascript_path"",""qcEvidence"":""measured only for single_sample_fit_report"",""bootstrap"":""measured only for bootstrap_500"",""plotRendering"":""not_measured"",""reportSerialization"":""measured only for single_sample_fit_report"",""endToEndElapsed"":""measured"",""memory"":""observed JS heap sampled at stage boundaries where performance.memory is exposed; not OS process peak""}",80,,2228.660000000149,1042.934999998659,
chrome,150.0.7871.187,nmf_rank_selection_rank4,1,warm,completed,3094.820000000298,,0,0,,3092.605000000447,2.2149999998509884,42601051,42601051,,,,,,,,,,2.2149999998509884,,,,"{""sdkModuleFetchImport"":""measured in cold phase; warm phase reuses the loaded module"",""pyodideInitialization"":""not_applicable_native_javascript_path"",""webRInitialization"":""not_applicable_native_javascript_path"",""wrappedPackageImport"":""not_applicable_native_javascript_path"",""publicSpectrumCatalogFetch"":""not_measured_synthetic_inputs_are_in_memory"",""nativeFitting"":""measured where the scenario uses native NNLS"",""adapterFitting"":""not_applicable_native_javascript_path"",""qcEvidence"":""measured only for single_sample_fit_report"",""bootstrap"":""measured only for bootstrap_500"",""plotRendering"":""not_measured"",""reportSerialization"":""measured only for single_sample_fit_report"",""endToEndElapsed"":""measured"",""memory"":""observed JS heap sampled at stage boundaries where performance.memory is exposed; not OS process peak""}",80,,2088.5,1004.054999999702,
chrome,150.0.7871.187,nmf_rank_selection_rank4,2,cold,completed,4828.734999999404,1568.449999999255,1566.9200000017881,1568.449999999255,,3257.690000001341,2.594999998807907,25950927,25950927,1566.9200000017881,,,,,,,,,2.594999998807907,,,,"{""sdkModuleFetchImport"":""measured in cold phase; warm phase reuses the loaded module"",""pyodideInitialization"":""not_applicable_native_javascript_path"",""webRInitialization"":""not_applicable_native_javascript_path"",""wrappedPackageImport"":""not_applicable_native_javascript_path"",""publicSpectrumCatalogFetch"":""not_measured_synthetic_inputs_are_in_memory"",""nativeFitting"":""measured where the scenario uses native NNLS"",""adapterFitting"":""not_applicable_native_javascript_path"",""qcEvidence"":""measured only for single_sample_fit_report"",""bootstrap"":""measured only for bootstrap_500"",""plotRendering"":""not_measured"",""reportSerialization"":""measured only for single_sample_fit_report"",""endToEndElapsed"":""measured"",""memory"":""observed JS heap sampled at stage boundaries where performance.memory is exposed; not OS process peak""}",80,,2211.254999998957,1046.309999998659,
chrome,150.0.7871.187,nmf_rank_selection_rank4,2,warm,completed,3142.594999998808,,0,0,,3140.289999999106,2.3049999997019768,48668351,48668351,,,,,,,,,,2.3049999997019768,,,,"{""sdkModuleFetchImport"":""measured in cold phase; warm phase reuses the loaded module"",""pyodideInitialization"":""not_applicable_native_javascript_path"",""webRInitialization"":""not_applicable_native_javascript_path"",""wrappedPackageImport"":""not_applicable_native_javascript_path"",""publicSpectrumCatalogFetch"":""not_measured_synthetic_inputs_are_in_memory"",""nativeFitting"":""measured where the scenario uses native NNLS"",""adapterFitting"":""not_applicable_native_javascript_path"",""qcEvidence"":""measured only for single_sample_fit_report"",""bootstrap"":""measured only for bootstrap_500"",""plotRendering"":""not_measured"",""reportSerialization"":""measured only for single_sample_fit_report"",""endToEndElapsed"":""measured"",""memory"":""observed JS heap sampled at stage boundaries where performance.memory is exposed; not OS process peak""}",80,,2140.859999999404,999.3600000031292,
chrome,150.0.7871.187,nmf_rank_selection_rank4,3,cold,completed,4480.539999999106,1275.859999999404,1273.8699999973178,1275.859999999404,,3202.109999999404,2.5700000002980232,49968823,49968823,1273.8699999973178,,,,,,,,,2.5700000002980232,,,,"{""sdkModuleFetchImport"":""measured in cold phase; warm phase reuses the loaded module"",""pyodideInitialization"":""not_applicable_native_javascript_path"",""webRInitialization"":""not_applicable_native_javascript_path"",""wrappedPackageImport"":""not_applicable_native_javascript_path"",""publicSpectrumCatalogFetch"":""not_measured_synthetic_inputs_are_in_memory"",""nativeFitting"":""measured where the scenario uses native NNLS"",""adapterFitting"":""not_applicable_native_javascript_path"",""qcEvidence"":""measured only for single_sample_fit_report"",""bootstrap"":""measured only for bootstrap_500"",""plotRendering"":""not_measured"",""reportSerialization"":""measured only for single_sample_fit_report"",""endToEndElapsed"":""measured"",""memory"":""observed JS heap sampled at stage boundaries where performance.memory is exposed; not OS process peak""}",80,,2155.440000001341,1046.5499999970198,
chrome,150.0.7871.187,nmf_rank_selection_rank4,3,warm,completed,3196.445000000298,,0,0,,3194.019999999553,2.425000000745058,49968823,49968823,,,,,,,,,,2.425000000745058,,,,"{""sdkModuleFetchImport"":""measured in cold phase; warm phase reuses the loaded module"",""pyodideInitialization"":""not_applicable_native_javascript_path"",""webRInitialization"":""not_applicable_native_javascript_path"",""wrappedPackageImport"":""not_applicable_native_javascript_path"",""publicSpectrumCatalogFetch"":""not_measured_synthetic_inputs_are_in_memory"",""nativeFitting"":""measured where the scenario uses native NNLS"",""adapterFitting"":""not_applicable_native_javascript_path"",""qcEvidence"":""measured only for single_sample_fit_report"",""bootstrap"":""measured only for bootstrap_500"",""plotRendering"":""not_measured"",""reportSerialization"":""measured only for single_sample_fit_report"",""endToEndElapsed"":""measured"",""memory"":""observed JS heap sampled at stage boundaries where performance.memory is exposed; not OS process peak""}",80,,2137.310000002384,1056.6699999980628,
firefox,150.0.2,single_sample_fit_report,1,cold,completed,1199.1,1195.32,1192.54,1194.12,,3.3599999999999,0.42000000000007276,,,1192.54,,,2.3199999999999363,,1.0199999999999818,,,0.42000000000007276,,,,,"{""sdkModuleFetchImport"":""measured in cold phase; warm phase reuses the loaded module"",""pyodideInitialization"":""not_applicable_native_javascript_path"",""webRInitialization"":""not_applicable_native_javascript_path"",""wrappedPackageImport"":""not_applicable_native_javascript_path"",""publicSpectrumCatalogFetch"":""not_measured_synthetic_inputs_are_in_memory"",""nativeFitting"":""measured where the scenario uses native NNLS"",""adapterFitting"":""not_applicable_native_javascript_path"",""qcEvidence"":""measured only for single_sample_fit_report"",""bootstrap"":""measured only for bootstrap_500"",""plotRendering"":""not_measured"",""reportSerialization"":""measured only for single_sample_fit_report"",""endToEndElapsed"":""measured"",""memory"":""observed JS heap sampled at stage boundaries where performance.memory is exposed; not OS process peak""}",1,9,,,
firefox,150.0.2,single_sample_fit_report,1,warm,completed,3.519999999999982,,0,0,,2.019999999999982,1.5,,,,,,1.5199999999999818,,0.5,,,1.5,,,,,"{""sdkModuleFetchImport"":""measured in cold phase; warm phase reuses the loaded module"",""pyodideInitialization"":""not_applicable_native_javascript_path"",""webRInitialization"":""not_applicable_native_javascript_path"",""wrappedPackageImport"":""not_applicable_native_javascript_path"",""publicSpectrumCatalogFetch"":""not_measured_synthetic_inputs_are_in_memory"",""nativeFitting"":""measured where the scenario uses native NNLS"",""adapterFitting"":""not_applicable_native_javascript_path"",""qcEvidence"":""measured only for single_sample_fit_report"",""bootstrap"":""measured only for bootstrap_500"",""plotRendering"":""not_measured"",""reportSerialization"":""measured only for single_sample_fit_report"",""endToEndElapsed"":""measured"",""memory"":""observed JS heap sampled at stage boundaries where performance.memory is exposed; not OS process peak""}",1,9,,,
firefox,150.0.2,single_sample_fit_report,2,cold,completed,1147.92,1145.44,1143.18,1143.74,,2.1399999999998727,0.3400000000001455,,,1143.18,,,1.5,,0.6199999999998909,,,0.3400000000001455,,,,,"{""sdkModuleFetchImport"":""measured in cold phase; warm phase reuses the loaded module"",""pyodideInitialization"":""not_applicable_native_javascript_path"",""webRInitialization"":""not_applicable_native_javascript_path"",""wrappedPackageImport"":""not_applicable_native_javascript_path"",""publicSpectrumCatalogFetch"":""not_measured_synthetic_inputs_are_in_memory"",""nativeFitting"":""measured where the scenario uses native NNLS"",""adapterFitting"":""not_applicable_native_javascript_path"",""qcEvidence"":""measured only for single_sample_fit_report"",""bootstrap"":""measured only for bootstrap_500"",""plotRendering"":""not_measured"",""reportSerialization"":""measured only for single_sample_fit_report"",""endToEndElapsed"":""measured"",""memory"":""observed JS heap sampled at stage boundaries where performance.memory is exposed; not OS process peak""}",1,9,,,
firefox,150.0.2,single_sample_fit_report,2,warm,completed,3.2999999999999545,,0,0,,1.6399999999998727,1.6600000000000819,,,,,,1.2000000000000455,,0.3999999999998636,,,1.6600000000000819,,,,,"{""sdkModuleFetchImport"":""measured in cold phase; warm phase reuses the loaded module"",""pyodideInitialization"":""not_applicable_native_javascript_path"",""webRInitialization"":""not_applicable_native_javascript_path"",""wrappedPackageImport"":""not_applicable_native_javascript_path"",""publicSpectrumCatalogFetch"":""not_measured_synthetic_inputs_are_in_memory"",""nativeFitting"":""measured where the scenario uses native NNLS"",""adapterFitting"":""not_applicable_native_javascript_path"",""qcEvidence"":""measured only for single_sample_fit_report"",""bootstrap"":""measured only for bootstrap_500"",""plotRendering"":""not_measured"",""reportSerialization"":""measured only for single_sample_fit_report"",""endToEndElapsed"":""measured"",""memory"":""observed JS heap sampled at stage boundaries where performance.memory is exposed; not OS process peak""}",1,9,,,
firefox,150.0.2,single_sample_fit_report,3,cold,completed,1039.9399999999998,1037.28,1035.56,1035.4,,2.2799999999999727,0.37999999999988177,,,1035.56,,,1.6199999999998909,,0.6400000000001,,,0.37999999999988177,,,,,"{""sdkModuleFetchImport"":""measured in cold phase; warm phase reuses the loaded module"",""pyodideInitialization"":""not_applicable_native_javascript_path"",""webRInitialization"":""not_applicable_native_javascript_path"",""wrappedPackageImport"":""not_applicable_native_javascript_path"",""publicSpectrumCatalogFetch"":""not_measured_synthetic_inputs_are_in_memory"",""nativeFitting"":""measured where the scenario uses native NNLS"",""adapterFitting"":""not_applicable_native_javascript_path"",""qcEvidence"":""measured only for single_sample_fit_report"",""bootstrap"":""measured only for bootstrap_500"",""plotRendering"":""not_measured"",""reportSerialization"":""measured only for single_sample_fit_report"",""endToEndElapsed"":""measured"",""memory"":""observed JS heap sampled at stage boundaries where performance.memory is exposed; not OS process peak""}",1,9,,,
firefox,150.0.2,single_sample_fit_report,3,warm,completed,3.1800000000000637,,0,0,,1.6400000000001,1.5399999999999636,,,,,,1.1800000000000637,,0.4600000000000364,,,1.5399999999999636,,,,,"{""sdkModuleFetchImport"":""measured in cold phase; warm phase reuses the loaded module"",""pyodideInitialization"":""not_applicable_native_javascript_path"",""webRInitialization"":""not_applicable_native_javascript_path"",""wrappedPackageImport"":""not_applicable_native_javascript_path"",""publicSpectrumCatalogFetch"":""not_measured_synthetic_inputs_are_in_memory"",""nativeFitting"":""measured where the scenario uses native NNLS"",""adapterFitting"":""not_applicable_native_javascript_path"",""qcEvidence"":""measured only for single_sample_fit_report"",""bootstrap"":""measured only for bootstrap_500"",""plotRendering"":""not_measured"",""reportSerialization"":""measured only for single_sample_fit_report"",""endToEndElapsed"":""measured"",""memory"":""observed JS heap sampled at stage boundaries where performance.memory is exposed; not OS process peak""}",1,9,,,
firefox,150.0.2,medium_cohort_120,1,cold,completed,1093.94,1045.3,1044,1043.92,,48.51999999999998,0.12000000000011823,,,1044,,,48.5,,,,,,0.12000000000011823,,,,"{""sdkModuleFetchImport"":""measured in cold phase; warm phase reuses the loaded module"",""pyodideInitialization"":""not_applicable_native_javascript_path"",""webRInitialization"":""not_applicable_native_javascript_path"",""wrappedPackageImport"":""not_applicable_native_javascript_path"",""publicSpectrumCatalogFetch"":""not_measured_synthetic_inputs_are_in_memory"",""nativeFitting"":""measured where the scenario uses native NNLS"",""adapterFitting"":""not_applicable_native_javascript_path"",""qcEvidence"":""measured only for single_sample_fit_report"",""bootstrap"":""measured only for bootstrap_500"",""plotRendering"":""not_measured"",""reportSerialization"":""measured only for single_sample_fit_report"",""endToEndElapsed"":""measured"",""memory"":""observed JS heap sampled at stage boundaries where performance.memory is exposed; not OS process peak""}",120,9,,,
firefox,150.0.2,medium_cohort_120,1,warm,completed,44.539999999999964,,0,0,,44.440000000000055,0.09999999999990905,,,,,,44.440000000000055,,,,,,0.09999999999990905,,,,"{""sdkModuleFetchImport"":""measured in cold phase; warm phase reuses the loaded module"",""pyodideInitialization"":""not_applicable_native_javascript_path"",""webRInitialization"":""not_applicable_native_javascript_path"",""wrappedPackageImport"":""not_applicable_native_javascript_path"",""publicSpectrumCatalogFetch"":""not_measured_synthetic_inputs_are_in_memory"",""nativeFitting"":""measured where the scenario uses native NNLS"",""adapterFitting"":""not_applicable_native_javascript_path"",""qcEvidence"":""measured only for single_sample_fit_report"",""bootstrap"":""measured only for bootstrap_500"",""plotRendering"":""not_measured"",""reportSerialization"":""measured only for single_sample_fit_report"",""endToEndElapsed"":""measured"",""memory"":""observed JS heap sampled at stage boundaries where performance.memory is exposed; not OS process peak""}",120,9,,,
firefox,150.0.2,medium_cohort_120,2,cold,completed,1067.8,1019.5799999999999,1017.9399999999999,1018.1399999999999,,48.07999999999993,0.14000000000010004,,,1017.9399999999999,,,48.039999999999964,,,,,,0.14000000000010004,,,,"{""sdkModuleFetchImport"":""measured in cold phase; warm phase reuses the loaded module"",""pyodideInitialization"":""not_applicable_native_javascript_path"",""webRInitialization"":""not_applicable_native_javascript_path"",""wrappedPackageImport"":""not_applicable_native_javascript_path"",""publicSpectrumCatalogFetch"":""not_measured_synthetic_inputs_are_in_memory"",""nativeFitting"":""measured where the scenario uses native NNLS"",""adapterFitting"":""not_applicable_native_javascript_path"",""qcEvidence"":""measured only for single_sample_fit_report"",""bootstrap"":""measured only for bootstrap_500"",""plotRendering"":""not_measured"",""reportSerialization"":""measured only for single_sample_fit_report"",""endToEndElapsed"":""measured"",""memory"":""observed JS heap sampled at stage boundaries where performance.memory is exposed; not OS process peak""}",120,9,,,
firefox,150.0.2,medium_cohort_120,2,warm,completed,44.59999999999991,,0,0,,44.5,0.09999999999990905,,,,,,44.5,,,,,,0.09999999999990905,,,,"{""sdkModuleFetchImport"":""measured in cold phase; warm phase reuses the loaded module"",""pyodideInitialization"":""not_applicable_native_javascript_path"",""webRInitialization"":""not_applicable_native_javascript_path"",""wrappedPackageImport"":""not_applicable_native_javascript_path"",""publicSpectrumCatalogFetch"":""not_measured_synthetic_inputs_are_in_memory"",""nativeFitting"":""measured where the scenario uses native NNLS"",""adapterFitting"":""not_applicable_native_javascript_path"",""qcEvidence"":""measured only for single_sample_fit_report"",""bootstrap"":""measured only for bootstrap_500"",""plotRendering"":""not_measured"",""reportSerialization"":""measured only for single_sample_fit_report"",""endToEndElapsed"":""measured"",""memory"":""observed JS heap sampled at stage boundaries where performance.memory is exposed; not OS process peak""}",120,9,,,
firefox,150.0.2,medium_cohort_120,3,cold,completed,1067.0000000000002,1020.3600000000001,1018.7800000000001,1018.94,,46.51999999999998,0.12000000000011823,,,1018.7800000000001,,,46.5,,,,,,0.12000000000011823,,,,"{""sdkModuleFetchImport"":""measured in cold phase; warm phase reuses the loaded module"",""pyodideInitialization"":""not_applicable_native_javascript_path"",""webRInitialization"":""not_applicable_native_javascript_path"",""wrappedPackageImport"":""not_applicable_native_javascript_path"",""publicSpectrumCatalogFetch"":""not_measured_synthetic_inputs_are_in_memory"",""nativeFitting"":""measured where the scenario uses native NNLS"",""adapterFitting"":""not_applicable_native_javascript_path"",""qcEvidence"":""measured only for single_sample_fit_report"",""bootstrap"":""measured only for bootstrap_500"",""plotRendering"":""not_measured"",""reportSerialization"":""measured only for single_sample_fit_report"",""endToEndElapsed"":""measured"",""memory"":""observed JS heap sampled at stage boundaries where performance.memory is exposed; not OS process peak""}",120,9,,,
firefox,150.0.2,medium_cohort_120,3,warm,completed,45.24000000000001,,0,0,,45.07999999999993,0.16000000000008185,,,,,,45.039999999999964,,,,,,0.16000000000008185,,,,"{""sdkModuleFetchImport"":""measured in cold phase; warm phase reuses the loaded module"",""pyodideInitialization"":""not_applicable_native_javascript_path"",""webRInitialization"":""not_applicable_native_javascript_path"",""wrappedPackageImport"":""not_applicable_native_javascript_path"",""publicSpectrumCatalogFetch"":""not_measured_synthetic_inputs_are_in_memory"",""nativeFitting"":""measured where the scenario uses native NNLS"",""adapterFitting"":""not_applicable_native_javascript_path"",""qcEvidence"":""measured only for single_sample_fit_report"",""bootstrap"":""measured only for bootstrap_500"",""plotRendering"":""not_measured"",""reportSerialization"":""measured only for single_sample_fit_report"",""endToEndElapsed"":""measured"",""memory"":""observed JS heap sampled at stage boundaries where performance.memory is exposed; not OS process peak""}",120,9,,,
firefox,150.0.2,portal_scale_300x40,1,cold,completed,7229.22,1124.2,1121.26,1122.82,,6104.460000000001,0.5599999999994907,,,1121.26,,,6104.42,,,,,,0.5599999999994907,,,,"{""sdkModuleFetchImport"":""measured in cold phase; warm phase reuses the loaded module"",""pyodideInitialization"":""not_applicable_native_javascript_path"",""webRInitialization"":""not_applicable_native_javascript_path"",""wrappedPackageImport"":""not_applicable_native_javascript_path"",""publicSpectrumCatalogFetch"":""not_measured_synthetic_inputs_are_in_memory"",""nativeFitting"":""measured where the scenario uses native NNLS"",""adapterFitting"":""not_applicable_native_javascript_path"",""qcEvidence"":""measured only for single_sample_fit_report"",""bootstrap"":""measured only for bootstrap_500"",""plotRendering"":""not_measured"",""reportSerialization"":""measured only for single_sample_fit_report"",""endToEndElapsed"":""measured"",""memory"":""observed JS heap sampled at stage boundaries where performance.memory is exposed; not OS process peak""}",300,40,,,
firefox,150.0.2,portal_scale_300x40,1,warm,completed,5871.52,,0,0,,5870.92,0.6000000000003638,,,,,,5870.9,,,,,,0.6000000000003638,,,,"{""sdkModuleFetchImport"":""measured in cold phase; warm phase reuses the loaded module"",""pyodideInitialization"":""not_applicable_native_javascript_path"",""webRInitialization"":""not_applicable_native_javascript_path"",""wrappedPackageImport"":""not_applicable_native_javascript_path"",""publicSpectrumCatalogFetch"":""not_measured_synthetic_inputs_are_in_memory"",""nativeFitting"":""measured where the scenario uses native NNLS"",""adapterFitting"":""not_applicable_native_javascript_path"",""qcEvidence"":""measured only for single_sample_fit_report"",""bootstrap"":""measured only for bootstrap_500"",""plotRendering"":""not_measured"",""reportSerialization"":""measured only for single_sample_fit_report"",""endToEndElapsed"":""measured"",""memory"":""observed JS heap sampled at stage boundaries where performance.memory is exposed; not OS process peak""}",300,40,,,
firefox,150.0.2,portal_scale_300x40,2,cold,completed,7057.599999999999,1093.2,1091.54,1091.8000000000002,,5963.84,0.5599999999994907,,,1091.54,,,5963.8,,,,,,0.5599999999994907,,,,"{""sdkModuleFetchImport"":""measured in cold phase; warm phase reuses the loaded module"",""pyodideInitialization"":""not_applicable_native_javascript_path"",""webRInitialization"":""not_applicable_native_javascript_path"",""wrappedPackageImport"":""not_applicable_native_javascript_path"",""publicSpectrumCatalogFetch"":""not_measured_synthetic_inputs_are_in_memory"",""nativeFitting"":""measured where the scenario uses native NNLS"",""adapterFitting"":""not_applicable_native_javascript_path"",""qcEvidence"":""measured only for single_sample_fit_report"",""bootstrap"":""measured only for bootstrap_500"",""plotRendering"":""not_measured"",""reportSerialization"":""measured only for single_sample_fit_report"",""endToEndElapsed"":""measured"",""memory"":""observed JS heap sampled at stage boundaries where performance.memory is exposed; not OS process peak""}",300,40,,,
firefox,150.0.2,portal_scale_300x40,2,warm,completed,5891.1,,0,0,,5890.34,0.7600000000002183,,,,,,5890.32,,,,,,0.7600000000002183,,,,"{""sdkModuleFetchImport"":""measured in cold phase; warm phase reuses the loaded module"",""pyodideInitialization"":""not_applicable_native_javascript_path"",""webRInitialization"":""not_applicable_native_javascript_path"",""wrappedPackageImport"":""not_applicable_native_javascript_path"",""publicSpectrumCatalogFetch"":""not_measured_synthetic_inputs_are_in_memory"",""nativeFitting"":""measured where the scenario uses native NNLS"",""adapterFitting"":""not_applicable_native_javascript_path"",""qcEvidence"":""measured only for single_sample_fit_report"",""bootstrap"":""measured only for bootstrap_500"",""plotRendering"":""not_measured"",""reportSerialization"":""measured only for single_sample_fit_report"",""endToEndElapsed"":""measured"",""memory"":""observed JS heap sampled at stage boundaries where performance.memory is exposed; not OS process peak""}",300,40,,,
firefox,150.0.2,portal_scale_300x40,3,cold,completed,7197.58,1122.54,1120.96,1120.9199999999998,,6074.08,0.9600000000000364,,,1120.96,,,6074,,,,,,0.9600000000000364,,,,"{""sdkModuleFetchImport"":""measured in cold phase; warm phase reuses the loaded module"",""pyodideInitialization"":""not_applicable_native_javascript_path"",""webRInitialization"":""not_applicable_native_javascript_path"",""wrappedPackageImport"":""not_applicable_native_javascript_path"",""publicSpectrumCatalogFetch"":""not_measured_synthetic_inputs_are_in_memory"",""nativeFitting"":""measured where the scenario uses native NNLS"",""adapterFitting"":""not_applicable_native_javascript_path"",""qcEvidence"":""measured only for single_sample_fit_report"",""bootstrap"":""measured only for bootstrap_500"",""plotRendering"":""not_measured"",""reportSerialization"":""measured only for single_sample_fit_report"",""endToEndElapsed"":""measured"",""memory"":""observed JS heap sampled at stage boundaries where performance.memory is exposed; not OS process peak""}",300,40,,,
firefox,150.0.2,portal_scale_300x40,3,warm,completed,6206.4,,0,0,,6205.859999999999,0.5400000000008731,,,,,,6205.84,,,,,,0.5400000000008731,,,,"{""sdkModuleFetchImport"":""measured in cold phase; warm phase reuses the loaded module"",""pyodideInitialization"":""not_applicable_native_javascript_path"",""webRInitialization"":""not_applicable_native_javascript_path"",""wrappedPackageImport"":""not_applicable_native_javascript_path"",""publicSpectrumCatalogFetch"":""not_measured_synthetic_inputs_are_in_memory"",""nativeFitting"":""measured where the scenario uses native NNLS"",""adapterFitting"":""not_applicable_native_javascript_path"",""qcEvidence"":""measured only for single_sample_fit_report"",""bootstrap"":""measured only for bootstrap_500"",""plotRendering"":""not_measured"",""reportSerialization"":""measured only for single_sample_fit_report"",""endToEndElapsed"":""measured"",""memory"":""observed JS heap sampled at stage boundaries where performance.memory is exposed; not OS process peak""}",300,40,,,
firefox,150.0.2,bootstrap_500,1,cold,completed,1373.98,1043.1200000000001,1041.2,1041.8,,329.79999999999995,1.0599999999999454,,,1041.2,,,,,,329.74,,,1.0599999999999454,,,,"{""sdkModuleFetchImport"":""measured in cold phase; warm phase reuses the loaded module"",""pyodideInitialization"":""not_applicable_native_javascript_path"",""webRInitialization"":""not_applicable_native_javascript_path"",""wrappedPackageImport"":""not_applicable_native_javascript_path"",""publicSpectrumCatalogFetch"":""not_measured_synthetic_inputs_are_in_memory"",""nativeFitting"":""measured where the scenario uses native NNLS"",""adapterFitting"":""not_applicable_native_javascript_path"",""qcEvidence"":""measured only for single_sample_fit_report"",""bootstrap"":""measured only for bootstrap_500"",""plotRendering"":""not_measured"",""reportSerialization"":""measured only for single_sample_fit_report"",""endToEndElapsed"":""measured"",""memory"":""observed JS heap sampled at stage boundaries where performance.memory is exposed; not OS process peak""}",1,9,,,
firefox,150.0.2,bootstrap_500,1,warm,completed,359.2199999999998,,0,0,,358.0999999999999,1.1199999999998909,,,,,,,,,358.0799999999999,,,1.1199999999998909,,,,"{""sdkModuleFetchImport"":""measured in cold phase; warm phase reuses the loaded module"",""pyodideInitialization"":""not_applicable_native_javascript_path"",""webRInitialization"":""not_applicable_native_javascript_path"",""wrappedPackageImport"":""not_applicable_native_javascript_path"",""publicSpectrumCatalogFetch"":""not_measured_synthetic_inputs_are_in_memory"",""nativeFitting"":""measured where the scenario uses native NNLS"",""adapterFitting"":""not_applicable_native_javascript_path"",""qcEvidence"":""measured only for single_sample_fit_report"",""bootstrap"":""measured only for bootstrap_500"",""plotRendering"":""not_measured"",""reportSerialization"":""measured only for single_sample_fit_report"",""endToEndElapsed"":""measured"",""memory"":""observed JS heap sampled at stage boundaries where performance.memory is exposed; not OS process peak""}",1,9,,,
firefox,150.0.2,bootstrap_500,2,cold,completed,1632.6,1254.36,1251.22,1252.98,,377.1999999999998,1.040000000000191,,,1251.22,,,,,,377.15999999999985,,,1.040000000000191,,,,"{""sdkModuleFetchImport"":""measured in cold phase; warm phase reuses the loaded module"",""pyodideInitialization"":""not_applicable_native_javascript_path"",""webRInitialization"":""not_applicable_native_javascript_path"",""wrappedPackageImport"":""not_applicable_native_javascript_path"",""publicSpectrumCatalogFetch"":""not_measured_synthetic_inputs_are_in_memory"",""nativeFitting"":""measured where the scenario uses native NNLS"",""adapterFitting"":""not_applicable_native_javascript_path"",""qcEvidence"":""measured only for single_sample_fit_report"",""bootstrap"":""measured only for bootstrap_500"",""plotRendering"":""not_measured"",""reportSerialization"":""measured only for single_sample_fit_report"",""endToEndElapsed"":""measured"",""memory"":""observed JS heap sampled at stage boundaries where performance.memory is exposed; not OS process peak""}",1,9,,,
firefox,150.0.2,bootstrap_500,2,warm,completed,361.0799999999999,,0,0,,359.96000000000004,1.1199999999998909,,,,,,,,,359.96000000000004,,,1.1199999999998909,,,,"{""sdkModuleFetchImport"":""measured in cold phase; warm phase reuses the loaded module"",""pyodideInitialization"":""not_applicable_native_javascript_path"",""webRInitialization"":""not_applicable_native_javascript_path"",""wrappedPackageImport"":""not_applicable_native_javascript_path"",""publicSpectrumCatalogFetch"":""not_measured_synthetic_inputs_are_in_memory"",""nativeFitting"":""measured where the scenario uses native NNLS"",""adapterFitting"":""not_applicable_native_javascript_path"",""qcEvidence"":""measured only for single_sample_fit_report"",""bootstrap"":""measured only for bootstrap_500"",""plotRendering"":""not_measured"",""reportSerialization"":""measured only for single_sample_fit_report"",""endToEndElapsed"":""measured"",""memory"":""observed JS heap sampled at stage boundaries where performance.memory is exposed; not OS process peak""}",1,9,,,
firefox,150.0.2,bootstrap_500,3,cold,completed,2358.46,2029.74,2042.4599999999998,2027.6799999999998,,327.7199999999998,1,,,2042.4599999999998,,,,,,327.6999999999998,,,1,,,,"{""sdkModuleFetchImport"":""measured in cold phase; warm phase reuses the loaded module"",""pyodideInitialization"":""not_applicable_native_javascript_path"",""webRInitialization"":""not_applicable_native_javascript_path"",""wrappedPackageImport"":""not_applicable_native_javascript_path"",""publicSpectrumCatalogFetch"":""not_measured_synthetic_inputs_are_in_memory"",""nativeFitting"":""measured where the scenario uses native NNLS"",""adapterFitting"":""not_applicable_native_javascript_path"",""qcEvidence"":""measured only for single_sample_fit_report"",""bootstrap"":""measured only for bootstrap_500"",""plotRendering"":""not_measured"",""reportSerialization"":""measured only for single_sample_fit_report"",""endToEndElapsed"":""measured"",""memory"":""observed JS heap sampled at stage boundaries where performance.memory is exposed; not OS process peak""}",1,9,,,
firefox,150.0.2,bootstrap_500,3,warm,completed,355.3199999999997,,0,0,,354.0999999999999,1.2199999999998,,,,,,,,,354.0999999999999,,,1.2199999999998,,,,"{""sdkModuleFetchImport"":""measured in cold phase; warm phase reuses the loaded module"",""pyodideInitialization"":""not_applicable_native_javascript_path"",""webRInitialization"":""not_applicable_native_javascript_path"",""wrappedPackageImport"":""not_applicable_native_javascript_path"",""publicSpectrumCatalogFetch"":""not_measured_synthetic_inputs_are_in_memory"",""nativeFitting"":""measured where the scenario uses native NNLS"",""adapterFitting"":""not_applicable_native_javascript_path"",""qcEvidence"":""measured only for single_sample_fit_report"",""bootstrap"":""measured only for bootstrap_500"",""plotRendering"":""not_measured"",""reportSerialization"":""measured only for single_sample_fit_report"",""endToEndElapsed"":""measured"",""memory"":""observed JS heap sampled at stage boundaries where performance.memory is exposed; not OS process peak""}",1,9,,,
firefox,150.0.2,nmf_rank_selection_rank4,1,cold,completed,4892.4800000000005,1725.12,1723.46,1723.86,,3163.3600000000006,4,,,1723.46,,,,,,,,,4,,,,"{""sdkModuleFetchImport"":""measured in cold phase; warm phase reuses the loaded module"",""pyodideInitialization"":""not_applicable_native_javascript_path"",""webRInitialization"":""not_applicable_native_javascript_path"",""wrappedPackageImport"":""not_applicable_native_javascript_path"",""publicSpectrumCatalogFetch"":""not_measured_synthetic_inputs_are_in_memory"",""nativeFitting"":""measured where the scenario uses native NNLS"",""adapterFitting"":""not_applicable_native_javascript_path"",""qcEvidence"":""measured only for single_sample_fit_report"",""bootstrap"":""measured only for bootstrap_500"",""plotRendering"":""not_measured"",""reportSerialization"":""measured only for single_sample_fit_report"",""endToEndElapsed"":""measured"",""memory"":""observed JS heap sampled at stage boundaries where performance.memory is exposed; not OS process peak""}",80,,2182.7799999999997,980.5600000000004,
firefox,150.0.2,nmf_rank_selection_rank4,1,warm,completed,2945.7200000000003,,0,0,,2942.0200000000004,3.699999999999818,,,,,,,,,,,,3.699999999999818,,,,"{""sdkModuleFetchImport"":""measured in cold phase; warm phase reuses the loaded module"",""pyodideInitialization"":""not_applicable_native_javascript_path"",""webRInitialization"":""not_applicable_native_javascript_path"",""wrappedPackageImport"":""not_applicable_native_javascript_path"",""publicSpectrumCatalogFetch"":""not_measured_synthetic_inputs_are_in_memory"",""nativeFitting"":""measured where the scenario uses native NNLS"",""adapterFitting"":""not_applicable_native_javascript_path"",""qcEvidence"":""measured only for single_sample_fit_report"",""bootstrap"":""measured only for bootstrap_500"",""plotRendering"":""not_measured"",""reportSerialization"":""measured only for single_sample_fit_report"",""endToEndElapsed"":""measured"",""memory"":""observed JS heap sampled at stage boundaries where performance.memory is exposed; not OS process peak""}",80,,2020.7800000000007,921.2199999999993,
firefox,150.0.2,nmf_rank_selection_rank4,2,cold,completed,4363.200000000001,1067.84,1064.7800000000002,1065.9199999999998,,3291.34,4.020000000000437,,,1064.7800000000002,,,,,,,,,4.020000000000437,,,,"{""sdkModuleFetchImport"":""measured in cold phase; warm phase reuses the loaded module"",""pyodideInitialization"":""not_applicable_native_javascript_path"",""webRInitialization"":""not_applicable_native_javascript_path"",""wrappedPackageImport"":""not_applicable_native_javascript_path"",""publicSpectrumCatalogFetch"":""not_measured_synthetic_inputs_are_in_memory"",""nativeFitting"":""measured where the scenario uses native NNLS"",""adapterFitting"":""not_applicable_native_javascript_path"",""qcEvidence"":""measured only for single_sample_fit_report"",""bootstrap"":""measured only for bootstrap_500"",""plotRendering"":""not_measured"",""reportSerialization"":""measured only for single_sample_fit_report"",""endToEndElapsed"":""measured"",""memory"":""observed JS heap sampled at stage boundaries where performance.memory is exposed; not OS process peak""}",80,,2190.72,1100.58,
firefox,150.0.2,nmf_rank_selection_rank4,2,warm,completed,3406.12,,0,0,,3402.34,3.7799999999997453,,,,,,,,,,,,3.7799999999997453,,,,"{""sdkModuleFetchImport"":""measured in cold phase; warm phase reuses the loaded module"",""pyodideInitialization"":""not_applicable_native_javascript_path"",""webRInitialization"":""not_applicable_native_javascript_path"",""wrappedPackageImport"":""not_applicable_native_javascript_path"",""publicSpectrumCatalogFetch"":""not_measured_synthetic_inputs_are_in_memory"",""nativeFitting"":""measured where the scenario uses native NNLS"",""adapterFitting"":""not_applicable_native_javascript_path"",""qcEvidence"":""measured only for single_sample_fit_report"",""bootstrap"":""measured only for bootstrap_500"",""plotRendering"":""not_measured"",""reportSerialization"":""measured only for single_sample_fit_report"",""endToEndElapsed"":""measured"",""memory"":""observed JS heap sampled at stage boundaries where performance.memory is exposed; not OS process peak""}",80,,2324.2799999999997,1078.0600000000004,
firefox,150.0.2,nmf_rank_selection_rank4,3,cold,completed,4407.639999999999,1131.54,1129.1599999999999,1130.1999999999998,,3271.359999999999,4.740000000000691,,,1129.1599999999999,,,,,,,,,4.740000000000691,,,,"{""sdkModuleFetchImport"":""measured in cold phase; warm phase reuses the loaded module"",""pyodideInitialization"":""not_applicable_native_javascript_path"",""webRInitialization"":""not_applicable_native_javascript_path"",""wrappedPackageImport"":""not_applicable_native_javascript_path"",""publicSpectrumCatalogFetch"":""not_measured_synthetic_inputs_are_in_memory"",""nativeFitting"":""measured where the scenario uses native NNLS"",""adapterFitting"":""not_applicable_native_javascript_path"",""qcEvidence"":""measured only for single_sample_fit_report"",""bootstrap"":""measured only for bootstrap_500"",""plotRendering"":""not_measured"",""reportSerialization"":""measured only for single_sample_fit_report"",""endToEndElapsed"":""measured"",""memory"":""observed JS heap sampled at stage boundaries where performance.memory is exposed; not OS process peak""}",80,,2151.8,1119.4999999999995,
firefox,150.0.2,nmf_rank_selection_rank4,3,warm,completed,3204.2199999999993,,0,0,,3200.4399999999996,3.7799999999997453,,,,,,,,,,,,3.7799999999997453,,,,"{""sdkModuleFetchImport"":""measured in cold phase; warm phase reuses the loaded module"",""pyodideInitialization"":""not_applicable_native_javascript_path"",""webRInitialization"":""not_applicable_native_javascript_path"",""wrappedPackageImport"":""not_applicable_native_javascript_path"",""publicSpectrumCatalogFetch"":""not_measured_synthetic_inputs_are_in_memory"",""nativeFitting"":""measured where the scenario uses native NNLS"",""adapterFitting"":""not_applicable_native_javascript_path"",""qcEvidence"":""measured only for single_sample_fit_report"",""bootstrap"":""measured only for bootstrap_500"",""plotRendering"":""not_measured"",""reportSerialization"":""measured only for single_sample_fit_report"",""endToEndElapsed"":""measured"",""memory"":""observed JS heap sampled at stage boundaries where performance.memory is exposed; not OS process peak""}",80,,2209.8599999999997,990.5799999999999,
webkit,26.4,single_sample_fit_report,1,cold,completed,1386,1382,1379,1382,,4,0,,,1379,,,3,,1,,,0,,,,,"{""sdkModuleFetchImport"":""measured in cold phase; warm phase reuses the loaded module"",""pyodideInitialization"":""not_applicable_native_javascript_path"",""webRInitialization"":""not_applicable_native_javascript_path"",""wrappedPackageImport"":""not_applicable_native_javascript_path"",""publicSpectrumCatalogFetch"":""not_measured_synthetic_inputs_are_in_memory"",""nativeFitting"":""measured where the scenario uses native NNLS"",""adapterFitting"":""not_applicable_native_javascript_path"",""qcEvidence"":""measured only for single_sample_fit_report"",""bootstrap"":""measured only for bootstrap_500"",""plotRendering"":""not_measured"",""reportSerialization"":""measured only for single_sample_fit_report"",""endToEndElapsed"":""measured"",""memory"":""observed JS heap sampled at stage boundaries where performance.memory is exposed; not OS process peak""}",1,9,,,
webkit,26.4,single_sample_fit_report,1,warm,completed,2,,0,0,,1,1,,,,,,1,,0,,,1,,,,,"{""sdkModuleFetchImport"":""measured in cold phase; warm phase reuses the loaded module"",""pyodideInitialization"":""not_applicable_native_javascript_path"",""webRInitialization"":""not_applicable_native_javascript_path"",""wrappedPackageImport"":""not_applicable_native_javascript_path"",""publicSpectrumCatalogFetch"":""not_measured_synthetic_inputs_are_in_memory"",""nativeFitting"":""measured where the scenario uses native NNLS"",""adapterFitting"":""not_applicable_native_javascript_path"",""qcEvidence"":""measured only for single_sample_fit_report"",""bootstrap"":""measured only for bootstrap_500"",""plotRendering"":""not_measured"",""reportSerialization"":""measured only for single_sample_fit_report"",""endToEndElapsed"":""measured"",""memory"":""observed JS heap sampled at stage boundaries where performance.memory is exposed; not OS process peak""}",1,9,,,
webkit,26.4,single_sample_fit_report,2,cold,completed,1296,1292,1288,1292,,3,1,,,1288,,,2,,1,,,1,,,,,"{""sdkModuleFetchImport"":""measured in cold phase; warm phase reuses the loaded module"",""pyodideInitialization"":""not_applicable_native_javascript_path"",""webRInitialization"":""not_applicable_native_javascript_path"",""wrappedPackageImport"":""not_applicable_native_javascript_path"",""publicSpectrumCatalogFetch"":""not_measured_synthetic_inputs_are_in_memory"",""nativeFitting"":""measured where the scenario uses native NNLS"",""adapterFitting"":""not_applicable_native_javascript_path"",""qcEvidence"":""measured only for single_sample_fit_report"",""bootstrap"":""measured only for bootstrap_500"",""plotRendering"":""not_measured"",""reportSerialization"":""measured only for single_sample_fit_report"",""endToEndElapsed"":""measured"",""memory"":""observed JS heap sampled at stage boundaries where performance.memory is exposed; not OS process peak""}",1,9,,,
webkit,26.4,single_sample_fit_report,2,warm,completed,1,,0,0,,1,0,,,,,,1,,0,,,0,,,,,"{""sdkModuleFetchImport"":""measured in cold phase; warm phase reuses the loaded module"",""pyodideInitialization"":""not_applicable_native_javascript_path"",""webRInitialization"":""not_applicable_native_javascript_path"",""wrappedPackageImport"":""not_applicable_native_javascript_path"",""publicSpectrumCatalogFetch"":""not_measured_synthetic_inputs_are_in_memory"",""nativeFitting"":""measured where the scenario uses native NNLS"",""adapterFitting"":""not_applicable_native_javascript_path"",""qcEvidence"":""measured only for single_sample_fit_report"",""bootstrap"":""measured only for bootstrap_500"",""plotRendering"":""not_measured"",""reportSerialization"":""measured only for single_sample_fit_report"",""endToEndElapsed"":""measured"",""memory"":""observed JS heap sampled at stage boundaries where performance.memory is exposed; not OS process peak""}",1,9,,,
webkit,26.4,single_sample_fit_report,3,cold,completed,877,872,869,872,,4,1,,,869,,,3,,1,,,1,,,,,"{""sdkModuleFetchImport"":""measured in cold phase; warm phase reuses the loaded module"",""pyodideInitialization"":""not_applicable_native_javascript_path"",""webRInitialization"":""not_applicable_native_javascript_path"",""wrappedPackageImport"":""not_applicable_native_javascript_path"",""publicSpectrumCatalogFetch"":""not_measured_synthetic_inputs_are_in_memory"",""nativeFitting"":""measured where the scenario uses native NNLS"",""adapterFitting"":""not_applicable_native_javascript_path"",""qcEvidence"":""measured only for single_sample_fit_report"",""bootstrap"":""measured only for bootstrap_500"",""plotRendering"":""not_measured"",""reportSerialization"":""measured only for single_sample_fit_report"",""endToEndElapsed"":""measured"",""memory"":""observed JS heap sampled at stage boundaries where performance.memory is exposed; not OS process peak""}",1,9,,,
webkit,26.4,single_sample_fit_report,3,warm,completed,1,,0,0,,1,0,,,,,,0,,1,,,0,,,,,"{""sdkModuleFetchImport"":""measured in cold phase; warm phase reuses the loaded module"",""pyodideInitialization"":""not_applicable_native_javascript_path"",""webRInitialization"":""not_applicable_native_javascript_path"",""wrappedPackageImport"":""not_applicable_native_javascript_path"",""publicSpectrumCatalogFetch"":""not_measured_synthetic_inputs_are_in_memory"",""nativeFitting"":""measured where the scenario uses native NNLS"",""adapterFitting"":""not_applicable_native_javascript_path"",""qcEvidence"":""measured only for single_sample_fit_report"",""bootstrap"":""measured only for bootstrap_500"",""plotRendering"":""not_measured"",""reportSerialization"":""measured only for single_sample_fit_report"",""endToEndElapsed"":""measured"",""memory"":""observed JS heap sampled at stage boundaries where performance.memory is exposed; not OS process peak""}",1,9,,,
webkit,26.4,medium_cohort_120,1,cold,completed,979.0000000000001,947.0000000000001,943.0000000000001,947.0000000000001,,32,0,,,943.0000000000001,,,32,,,,,,0,,,,"{""sdkModuleFetchImport"":""measured in cold phase; warm phase reuses the loaded module"",""pyodideInitialization"":""not_applicable_native_javascript_path"",""webRInitialization"":""not_applicable_native_javascript_path"",""wrappedPackageImport"":""not_applicable_native_javascript_path"",""publicSpectrumCatalogFetch"":""not_measured_synthetic_inputs_are_in_memory"",""nativeFitting"":""measured where the scenario uses native NNLS"",""adapterFitting"":""not_applicable_native_javascript_path"",""qcEvidence"":""measured only for single_sample_fit_report"",""bootstrap"":""measured only for bootstrap_500"",""plotRendering"":""not_measured"",""reportSerialization"":""measured only for single_sample_fit_report"",""endToEndElapsed"":""measured"",""memory"":""observed JS heap sampled at stage boundaries where performance.memory is exposed; not OS process peak""}",120,9,,,
webkit,26.4,medium_cohort_120,1,warm,completed,29,,0,0,,29,0,,,,,,29,,,,,,0,,,,"{""sdkModuleFetchImport"":""measured in cold phase; warm phase reuses the loaded module"",""pyodideInitialization"":""not_applicable_native_javascript_path"",""webRInitialization"":""not_applicable_native_javascript_path"",""wrappedPackageImport"":""not_applicable_native_javascript_path"",""publicSpectrumCatalogFetch"":""not_measured_synthetic_inputs_are_in_memory"",""nativeFitting"":""measured where the scenario uses native NNLS"",""adapterFitting"":""not_applicable_native_javascript_path"",""qcEvidence"":""measured only for single_sample_fit_report"",""bootstrap"":""measured only for bootstrap_500"",""plotRendering"":""not_measured"",""reportSerialization"":""measured only for single_sample_fit_report"",""endToEndElapsed"":""measured"",""memory"":""observed JS heap sampled at stage boundaries where performance.memory is exposed; not OS process peak""}",120,9,,,
webkit,26.4,medium_cohort_120,2,cold,completed,1155,1121,1117,1121,,34,0,,,1117,,,34,,,,,,0,,,,"{""sdkModuleFetchImport"":""measured in cold phase; warm phase reuses the loaded module"",""pyodideInitialization"":""not_applicable_native_javascript_path"",""webRInitialization"":""not_applicable_native_javascript_path"",""wrappedPackageImport"":""not_applicable_native_javascript_path"",""publicSpectrumCatalogFetch"":""not_measured_synthetic_inputs_are_in_memory"",""nativeFitting"":""measured where the scenario uses native NNLS"",""adapterFitting"":""not_applicable_native_javascript_path"",""qcEvidence"":""measured only for single_sample_fit_report"",""bootstrap"":""measured only for bootstrap_500"",""plotRendering"":""not_measured"",""reportSerialization"":""measured only for single_sample_fit_report"",""endToEndElapsed"":""measured"",""memory"":""observed JS heap sampled at stage boundaries where performance.memory is exposed; not OS process peak""}",120,9,,,
webkit,26.4,medium_cohort_120,2,warm,completed,32,,0,0,,32,0,,,,,,32,,,,,,0,,,,"{""sdkModuleFetchImport"":""measured in cold phase; warm phase reuses the loaded module"",""pyodideInitialization"":""not_applicable_native_javascript_path"",""webRInitialization"":""not_applicable_native_javascript_path"",""wrappedPackageImport"":""not_applicable_native_javascript_path"",""publicSpectrumCatalogFetch"":""not_measured_synthetic_inputs_are_in_memory"",""nativeFitting"":""measured where the scenario uses native NNLS"",""adapterFitting"":""not_applicable_native_javascript_path"",""qcEvidence"":""measured only for single_sample_fit_report"",""bootstrap"":""measured only for bootstrap_500"",""plotRendering"":""not_measured"",""reportSerialization"":""measured only for single_sample_fit_report"",""endToEndElapsed"":""measured"",""memory"":""observed JS heap sampled at stage boundaries where performance.memory is exposed; not OS process peak""}",120,9,,,
webkit,26.4,medium_cohort_120,3,cold,completed,955.9999999999999,922,918,922,,32.999999999999886,1,,,918,,,32.999999999999886,,,,,,1,,,,"{""sdkModuleFetchImport"":""measured in cold phase; warm phase reuses the loaded module"",""pyodideInitialization"":""not_applicable_native_javascript_path"",""webRInitialization"":""not_applicable_native_javascript_path"",""wrappedPackageImport"":""not_applicable_native_javascript_path"",""publicSpectrumCatalogFetch"":""not_measured_synthetic_inputs_are_in_memory"",""nativeFitting"":""measured where the scenario uses native NNLS"",""adapterFitting"":""not_applicable_native_javascript_path"",""qcEvidence"":""measured only for single_sample_fit_report"",""bootstrap"":""measured only for bootstrap_500"",""plotRendering"":""not_measured"",""reportSerialization"":""measured only for single_sample_fit_report"",""endToEndElapsed"":""measured"",""memory"":""observed JS heap sampled at stage boundaries where performance.memory is exposed; not OS process peak""}",120,9,,,
webkit,26.4,medium_cohort_120,3,warm,completed,32,,0,0,,32,0,,,,,,32,,,,,,0,,,,"{""sdkModuleFetchImport"":""measured in cold phase; warm phase reuses the loaded module"",""pyodideInitialization"":""not_applicable_native_javascript_path"",""webRInitialization"":""not_applicable_native_javascript_path"",""wrappedPackageImport"":""not_applicable_native_javascript_path"",""publicSpectrumCatalogFetch"":""not_measured_synthetic_inputs_are_in_memory"",""nativeFitting"":""measured where the scenario uses native NNLS"",""adapterFitting"":""not_applicable_native_javascript_path"",""qcEvidence"":""measured only for single_sample_fit_report"",""bootstrap"":""measured only for bootstrap_500"",""plotRendering"":""not_measured"",""reportSerialization"":""measured only for single_sample_fit_report"",""endToEndElapsed"":""measured"",""memory"":""observed JS heap sampled at stage boundaries where performance.memory is exposed; not OS process peak""}",120,9,,,
webkit,26.4,portal_scale_300x40,1,cold,completed,3139,1068,1064,1068,,2070,1,,,1064,,,2070,,,,,,1,,,,"{""sdkModuleFetchImport"":""measured in cold phase; warm phase reuses the loaded module"",""pyodideInitialization"":""not_applicable_native_javascript_path"",""webRInitialization"":""not_applicable_native_javascript_path"",""wrappedPackageImport"":""not_applicable_native_javascript_path"",""publicSpectrumCatalogFetch"":""not_measured_synthetic_inputs_are_in_memory"",""nativeFitting"":""measured where the scenario uses native NNLS"",""adapterFitting"":""not_applicable_native_javascript_path"",""qcEvidence"":""measured only for single_sample_fit_report"",""bootstrap"":""measured only for bootstrap_500"",""plotRendering"":""not_measured"",""reportSerialization"":""measured only for single_sample_fit_report"",""endToEndElapsed"":""measured"",""memory"":""observed JS heap sampled at stage boundaries where performance.memory is exposed; not OS process peak""}",300,40,,,
webkit,26.4,portal_scale_300x40,1,warm,completed,2116,,0,0,,2116,0,,,,,,2116,,,,,,0,,,,"{""sdkModuleFetchImport"":""measured in cold phase; warm phase reuses the loaded module"",""pyodideInitialization"":""not_applicable_native_javascript_path"",""webRInitialization"":""not_applicable_native_javascript_path"",""wrappedPackageImport"":""not_applicable_native_javascript_path"",""publicSpectrumCatalogFetch"":""not_measured_synthetic_inputs_are_in_memory"",""nativeFitting"":""measured where the scenario uses native NNLS"",""adapterFitting"":""not_applicable_native_javascript_path"",""qcEvidence"":""measured only for single_sample_fit_report"",""bootstrap"":""measured only for bootstrap_500"",""plotRendering"":""not_measured"",""reportSerialization"":""measured only for single_sample_fit_report"",""endToEndElapsed"":""measured"",""memory"":""observed JS heap sampled at stage boundaries where performance.memory is exposed; not OS process peak""}",300,40,,,
webkit,26.4,portal_scale_300x40,2,cold,completed,3286,1076,1072,1076,,2209,1,,,1072,,,2209,,,,,,1,,,,"{""sdkModuleFetchImport"":""measured in cold phase; warm phase reuses the loaded module"",""pyodideInitialization"":""not_applicable_native_javascript_path"",""webRInitialization"":""not_applicable_native_javascript_path"",""wrappedPackageImport"":""not_applicable_native_javascript_path"",""publicSpectrumCatalogFetch"":""not_measured_synthetic_inputs_are_in_memory"",""nativeFitting"":""measured where the scenario uses native NNLS"",""adapterFitting"":""not_applicable_native_javascript_path"",""qcEvidence"":""measured only for single_sample_fit_report"",""bootstrap"":""measured only for bootstrap_500"",""plotRendering"":""not_measured"",""reportSerialization"":""measured only for single_sample_fit_report"",""endToEndElapsed"":""measured"",""memory"":""observed JS heap sampled at stage boundaries where performance.memory is exposed; not OS process peak""}",300,40,,,
webkit,26.4,portal_scale_300x40,2,warm,completed,2195,,0,0,,2195,0,,,,,,2195,,,,,,0,,,,"{""sdkModuleFetchImport"":""measured in cold phase; warm phase reuses the loaded module"",""pyodideInitialization"":""not_applicable_native_javascript_path"",""webRInitialization"":""not_applicable_native_javascript_path"",""wrappedPackageImport"":""not_applicable_native_javascript_path"",""publicSpectrumCatalogFetch"":""not_measured_synthetic_inputs_are_in_memory"",""nativeFitting"":""measured where the scenario uses native NNLS"",""adapterFitting"":""not_applicable_native_javascript_path"",""qcEvidence"":""measured only for single_sample_fit_report"",""bootstrap"":""measured only for bootstrap_500"",""plotRendering"":""not_measured"",""reportSerialization"":""measured only for single_sample_fit_report"",""endToEndElapsed"":""measured"",""memory"":""observed JS heap sampled at stage boundaries where performance.memory is exposed; not OS process peak""}",300,40,,,
webkit,26.4,portal_scale_300x40,3,cold,completed,3267,1157,1154,1157,,2110,0,,,1154,,,2110,,,,,,0,,,,"{""sdkModuleFetchImport"":""measured in cold phase; warm phase reuses the loaded module"",""pyodideInitialization"":""not_applicable_native_javascript_path"",""webRInitialization"":""not_applicable_native_javascript_path"",""wrappedPackageImport"":""not_applicable_native_javascript_path"",""publicSpectrumCatalogFetch"":""not_measured_synthetic_inputs_are_in_memory"",""nativeFitting"":""measured where the scenario uses native NNLS"",""adapterFitting"":""not_applicable_native_javascript_path"",""qcEvidence"":""measured only for single_sample_fit_report"",""bootstrap"":""measured only for bootstrap_500"",""plotRendering"":""not_measured"",""reportSerialization"":""measured only for single_sample_fit_report"",""endToEndElapsed"":""measured"",""memory"":""observed JS heap sampled at stage boundaries where performance.memory is exposed; not OS process peak""}",300,40,,,
webkit,26.4,portal_scale_300x40,3,warm,completed,2098,,0,0,,2098,0,,,,,,2098,,,,,,0,,,,"{""sdkModuleFetchImport"":""measured in cold phase; warm phase reuses the loaded module"",""pyodideInitialization"":""not_applicable_native_javascript_path"",""webRInitialization"":""not_applicable_native_javascript_path"",""wrappedPackageImport"":""not_applicable_native_javascript_path"",""publicSpectrumCatalogFetch"":""not_measured_synthetic_inputs_are_in_memory"",""nativeFitting"":""measured where the scenario uses native NNLS"",""adapterFitting"":""not_applicable_native_javascript_path"",""qcEvidence"":""measured only for single_sample_fit_report"",""bootstrap"":""measured only for bootstrap_500"",""plotRendering"":""not_measured"",""reportSerialization"":""measured only for single_sample_fit_report"",""endToEndElapsed"":""measured"",""memory"":""observed JS heap sampled at stage boundaries where performance.memory is exposed; not OS process peak""}",300,40,,,
webkit,26.4,bootstrap_500,1,cold,completed,2078,1828,1823,1828,,250,0,,,1823,,,,,,250,,,0,,,,"{""sdkModuleFetchImport"":""measured in cold phase; warm phase reuses the loaded module"",""pyodideInitialization"":""not_applicable_native_javascript_path"",""webRInitialization"":""not_applicable_native_javascript_path"",""wrappedPackageImport"":""not_applicable_native_javascript_path"",""publicSpectrumCatalogFetch"":""not_measured_synthetic_inputs_are_in_memory"",""nativeFitting"":""measured where the scenario uses native NNLS"",""adapterFitting"":""not_applicable_native_javascript_path"",""qcEvidence"":""measured only for single_sample_fit_report"",""bootstrap"":""measured only for bootstrap_500"",""plotRendering"":""not_measured"",""reportSerialization"":""measured only for single_sample_fit_report"",""endToEndElapsed"":""measured"",""memory"":""observed JS heap sampled at stage boundaries where performance.memory is exposed; not OS process peak""}",1,9,,,
webkit,26.4,bootstrap_500,1,warm,completed,289,,0,0,,288.00000000000045,0.9999999999995453,,,,,,,,,288.00000000000045,,,0.9999999999995453,,,,"{""sdkModuleFetchImport"":""measured in cold phase; warm phase reuses the loaded module"",""pyodideInitialization"":""not_applicable_native_javascript_path"",""webRInitialization"":""not_applicable_native_javascript_path"",""wrappedPackageImport"":""not_applicable_native_javascript_path"",""publicSpectrumCatalogFetch"":""not_measured_synthetic_inputs_are_in_memory"",""nativeFitting"":""measured where the scenario uses native NNLS"",""adapterFitting"":""not_applicable_native_javascript_path"",""qcEvidence"":""measured only for single_sample_fit_report"",""bootstrap"":""measured only for bootstrap_500"",""plotRendering"":""not_measured"",""reportSerialization"":""measured only for single_sample_fit_report"",""endToEndElapsed"":""measured"",""memory"":""observed JS heap sampled at stage boundaries where performance.memory is exposed; not OS process peak""}",1,9,,,
webkit,26.4,bootstrap_500,2,cold,completed,1249,946.0000000000001,943.0000000000001,946.0000000000001,,302.0000000000002,0.9999999999997726,,,943.0000000000001,,,,,,302.0000000000002,,,0.9999999999997726,,,,"{""sdkModuleFetchImport"":""measured in cold phase; warm phase reuses the loaded module"",""pyodideInitialization"":""not_applicable_native_javascript_path"",""webRInitialization"":""not_applicable_native_javascript_path"",""wrappedPackageImport"":""not_applicable_native_javascript_path"",""publicSpectrumCatalogFetch"":""not_measured_synthetic_inputs_are_in_memory"",""nativeFitting"":""measured where the scenario uses native NNLS"",""adapterFitting"":""not_applicable_native_javascript_path"",""qcEvidence"":""measured only for single_sample_fit_report"",""bootstrap"":""measured only for bootstrap_500"",""plotRendering"":""not_measured"",""reportSerialization"":""measured only for single_sample_fit_report"",""endToEndElapsed"":""measured"",""memory"":""observed JS heap sampled at stage boundaries where performance.memory is exposed; not OS process peak""}",1,9,,,
webkit,26.4,bootstrap_500,2,warm,completed,314,,0,0,,313,1,,,,,,,,,313,,,1,,,,"{""sdkModuleFetchImport"":""measured in cold phase; warm phase reuses the loaded module"",""pyodideInitialization"":""not_applicable_native_javascript_path"",""webRInitialization"":""not_applicable_native_javascript_path"",""wrappedPackageImport"":""not_applicable_native_javascript_path"",""publicSpectrumCatalogFetch"":""not_measured_synthetic_inputs_are_in_memory"",""nativeFitting"":""measured where the scenario uses native NNLS"",""adapterFitting"":""not_applicable_native_javascript_path"",""qcEvidence"":""measured only for single_sample_fit_report"",""bootstrap"":""measured only for bootstrap_500"",""plotRendering"":""not_measured"",""reportSerialization"":""measured only for single_sample_fit_report"",""endToEndElapsed"":""measured"",""memory"":""observed JS heap sampled at stage boundaries where performance.memory is exposed; not OS process peak""}",1,9,,,
webkit,26.4,bootstrap_500,3,cold,completed,1736.0000000000002,1495,1492,1495,,241.00000000000023,0,,,1492,,,,,,241.00000000000023,,,0,,,,"{""sdkModuleFetchImport"":""measured in cold phase; warm phase reuses the loaded module"",""pyodideInitialization"":""not_applicable_native_javascript_path"",""webRInitialization"":""not_applicable_native_javascript_path"",""wrappedPackageImport"":""not_applicable_native_javascript_path"",""publicSpectrumCatalogFetch"":""not_measured_synthetic_inputs_are_in_memory"",""nativeFitting"":""measured where the scenario uses native NNLS"",""adapterFitting"":""not_applicable_native_javascript_path"",""qcEvidence"":""measured only for single_sample_fit_report"",""bootstrap"":""measured only for bootstrap_500"",""plotRendering"":""not_measured"",""reportSerialization"":""measured only for single_sample_fit_report"",""endToEndElapsed"":""measured"",""memory"":""observed JS heap sampled at stage boundaries where performance.memory is exposed; not OS process peak""}",1,9,,,
webkit,26.4,bootstrap_500,3,warm,completed,271.9999999999998,,0,0,,270.9999999999998,1,,,,,,,,,270.9999999999998,,,1,,,,"{""sdkModuleFetchImport"":""measured in cold phase; warm phase reuses the loaded module"",""pyodideInitialization"":""not_applicable_native_javascript_path"",""webRInitialization"":""not_applicable_native_javascript_path"",""wrappedPackageImport"":""not_applicable_native_javascript_path"",""publicSpectrumCatalogFetch"":""not_measured_synthetic_inputs_are_in_memory"",""nativeFitting"":""measured where the scenario uses native NNLS"",""adapterFitting"":""not_applicable_native_javascript_path"",""qcEvidence"":""measured only for single_sample_fit_report"",""bootstrap"":""measured only for bootstrap_500"",""plotRendering"":""not_measured"",""reportSerialization"":""measured only for single_sample_fit_report"",""endToEndElapsed"":""measured"",""memory"":""observed JS heap sampled at stage boundaries where performance.memory is exposed; not OS process peak""}",1,9,,,
webkit,26.4,nmf_rank_selection_rank4,1,cold,completed,4527,1315,1312,1315,,3210,2,,,1312,,,,,,,,,2,,,,"{""sdkModuleFetchImport"":""measured in cold phase; warm phase reuses the loaded module"",""pyodideInitialization"":""not_applicable_native_javascript_path"",""webRInitialization"":""not_applicable_native_javascript_path"",""wrappedPackageImport"":""not_applicable_native_javascript_path"",""publicSpectrumCatalogFetch"":""not_measured_synthetic_inputs_are_in_memory"",""nativeFitting"":""measured where the scenario uses native NNLS"",""adapterFitting"":""not_applicable_native_javascript_path"",""qcEvidence"":""measured only for single_sample_fit_report"",""bootstrap"":""measured only for bootstrap_500"",""plotRendering"":""not_measured"",""reportSerialization"":""measured only for single_sample_fit_report"",""endToEndElapsed"":""measured"",""memory"":""observed JS heap sampled at stage boundaries where performance.memory is exposed; not OS process peak""}",80,,2146,1064,
webkit,26.4,nmf_rank_selection_rank4,1,warm,completed,3262,,0,0,,3261,1,,,,,,,,,,,,1,,,,"{""sdkModuleFetchImport"":""measured in cold phase; warm phase reuses the loaded module"",""pyodideInitialization"":""not_applicable_native_javascript_path"",""webRInitialization"":""not_applicable_native_javascript_path"",""wrappedPackageImport"":""not_applicable_native_javascript_path"",""publicSpectrumCatalogFetch"":""not_measured_synthetic_inputs_are_in_memory"",""nativeFitting"":""measured where the scenario uses native NNLS"",""adapterFitting"":""not_applicable_native_javascript_path"",""qcEvidence"":""measured only for single_sample_fit_report"",""bootstrap"":""measured only for bootstrap_500"",""plotRendering"":""not_measured"",""reportSerialization"":""measured only for single_sample_fit_report"",""endToEndElapsed"":""measured"",""memory"":""observed JS heap sampled at stage boundaries where performance.memory is exposed; not OS process peak""}",80,,2196,1065,
webkit,26.4,nmf_rank_selection_rank4,2,cold,completed,4167,1236,1230,1236,,2929,2,,,1230,,,,,,,,,2,,,,"{""sdkModuleFetchImport"":""measured in cold phase; warm phase reuses the loaded module"",""pyodideInitialization"":""not_applicable_native_javascript_path"",""webRInitialization"":""not_applicable_native_javascript_path"",""wrappedPackageImport"":""not_applicable_native_javascript_path"",""publicSpectrumCatalogFetch"":""not_measured_synthetic_inputs_are_in_memory"",""nativeFitting"":""measured where the scenario uses native NNLS"",""adapterFitting"":""not_applicable_native_javascript_path"",""qcEvidence"":""measured only for single_sample_fit_report"",""bootstrap"":""measured only for bootstrap_500"",""plotRendering"":""not_measured"",""reportSerialization"":""measured only for single_sample_fit_report"",""endToEndElapsed"":""measured"",""memory"":""observed JS heap sampled at stage boundaries where performance.memory is exposed; not OS process peak""}",80,,1968,961,
webkit,26.4,nmf_rank_selection_rank4,2,warm,completed,2950,,0,0,,2949.000000000001,0.9999999999990905,,,,,,,,,,,,0.9999999999990905,,,,"{""sdkModuleFetchImport"":""measured in cold phase; warm phase reuses the loaded module"",""pyodideInitialization"":""not_applicable_native_javascript_path"",""webRInitialization"":""not_applicable_native_javascript_path"",""wrappedPackageImport"":""not_applicable_native_javascript_path"",""publicSpectrumCatalogFetch"":""not_measured_synthetic_inputs_are_in_memory"",""nativeFitting"":""measured where the scenario uses native NNLS"",""adapterFitting"":""not_applicable_native_javascript_path"",""qcEvidence"":""measured only for single_sample_fit_report"",""bootstrap"":""measured only for bootstrap_500"",""plotRendering"":""not_measured"",""reportSerialization"":""measured only for single_sample_fit_report"",""endToEndElapsed"":""measured"",""memory"":""observed JS heap sampled at stage boundaries where performance.memory is exposed; not OS process peak""}",80,,1996,953.0000000000009,
webkit,26.4,nmf_rank_selection_rank4,3,cold,completed,3938,849,844,849,,3087,2,,,844,,,,,,,,,2,,,,"{""sdkModuleFetchImport"":""measured in cold phase; warm phase reuses the loaded module"",""pyodideInitialization"":""not_applicable_native_javascript_path"",""webRInitialization"":""not_applicable_native_javascript_path"",""wrappedPackageImport"":""not_applicable_native_javascript_path"",""publicSpectrumCatalogFetch"":""not_measured_synthetic_inputs_are_in_memory"",""nativeFitting"":""measured where the scenario uses native NNLS"",""adapterFitting"":""not_applicable_native_javascript_path"",""qcEvidence"":""measured only for single_sample_fit_report"",""bootstrap"":""measured only for bootstrap_500"",""plotRendering"":""not_measured"",""reportSerialization"":""measured only for single_sample_fit_report"",""endToEndElapsed"":""measured"",""memory"":""observed JS heap sampled at stage boundaries where performance.memory is exposed; not OS process peak""}",80,,2018,1069,
webkit,26.4,nmf_rank_selection_rank4,3,warm,completed,3273,,0,0,,3271,2,,,,,,,,,,,,2,,,,"{""sdkModuleFetchImport"":""measured in cold phase; warm phase reuses the loaded module"",""pyodideInitialization"":""not_applicable_native_javascript_path"",""webRInitialization"":""not_applicable_native_javascript_path"",""wrappedPackageImport"":""not_applicable_native_javascript_path"",""publicSpectrumCatalogFetch"":""not_measured_synthetic_inputs_are_in_memory"",""nativeFitting"":""measured where the scenario uses native NNLS"",""adapterFitting"":""not_applicable_native_javascript_path"",""qcEvidence"":""measured only for single_sample_fit_report"",""bootstrap"":""measured only for bootstrap_500"",""plotRendering"":""not_measured"",""reportSerialization"":""measured only for single_sample_fit_report"",""endToEndElapsed"":""measured"",""memory"":""observed JS heap sampled at stage boundaries where performance.memory is exposed; not OS process peak""}",80,,2205,1066,
